Workbook

Sheet Patient Demographics
A1: Patient Id | B1: Patient Name | C1: Gender | D1: Date of Birth | E1: year | F1: dob | G1: age grp | H1: AGE GRP NO | I1: Income (LPA) | J1: Location (state) | K1: Region | L1: priority | M1: further tagging | O1: region unique | P1: count of region | Q1: count high priorit | R1: need attntion
A2: PID0001 | B2: Shreya Reddy | C2: Female | D2: 27029 | E2: =YEAR(D2) -> 1973 | F2: =DATEDIF(DATE(E2,1,1), TODAY(), "Y") -> 53 | G2: {=_xlfn.IFS(AND(F2>=21,F2<=35), "Young Adults", AND(F2>=35, F2<=45), "Senior Adullt", AND(F2>=46,F2<=65), "senior",AND(F2>=66,F2<=87),"Super Adults")} -> senior | I2: 20 | J2: Tamil Nadu | K2: South | L2: =IF(AND(I2<5,'Billing Details'!I2>10000),"High Priority","Regular Follow Up") -> Regular Follow Up | M2: =IF(AND(L2="High Priority",'Patient Health Records'!U2="Critical",'Patient Health Records'!T2="Yes"),"Needs Attention",IF(AND('Patient Health Records'!U2<> "Critical",'Patient Health Records'!T2="Yes"),"Monitor Later",IF(AND('Patient Health Records'!U2="Critical",'Patient Health Records'!T2="No"),"Ask for Readmission","No Action"))) -> Ask for Readmission | O2: South | P2: =COUNTIF(K2:K1001,O2) -> 363 | Q2: =COUNTIFS(K:K,O2,L:L,$L$6) -> 35 | R2: =COUNTIFS(K:K,O2,M:M,$M$28) -> 8
A3: PID0002 | B3: Isha Sharma | C3: Female | D3: 19724 | E3: =YEAR(D3) -> 1953 | F3: =DATEDIF(DATE(E3,1,1), TODAY(), "Y") -> 73 | G3: {=_xlfn.IFS(AND(F3>=21,F3<=35), "Young Adults", AND(F3>=35, F3<=45), "Senior Adullt", AND(F3>=46,F3<=65), "senior",AND(F3>=66,F3<=87),"Super Adults")} -> Super Adults | I3: 15 | J3: Maharashtra | K3: West | L3: =IF(AND(I3<5,'Billing Details'!I3>10000),"High Priority","Regular Follow Up") -> Regular Follow Up | M3: =IF(AND(L3="High Priority",'Patient Health Records'!U3="Critical",'Patient Health Records'!T3="Yes"),"Needs Attention",IF(AND('Patient Health Records'!U3<> "Critical",'Patient Health Records'!T3="Yes"),"Monitor Later",IF(AND('Patient Health Records'!U3="Critical",'Patient Health Records'!T3="No"),"Ask for Readmission","No Action"))) -> No Action | O3: West | P3: =COUNTIF(K2:K1001,O3) -> 249 | Q3: =COUNTIFS(K:K,O3,L:L,$L$6) -> 3 | R3: =COUNTIFS(K:K,O3,M:M,$M$28) -> 1
A4: PID0003 | B4: Isha Raj Reddy | C4: Female | D4: 34334 | E4: =YEAR(D4) -> 1993 | F4: =DATEDIF(DATE(E4,1,1), TODAY(), "Y") -> 33 | G4: {=_xlfn.IFS(AND(F4>=21,F4<=35), "Young Adults", AND(F4>=35, F4<=45), "Senior Adullt", AND(F4>=46,F4<=65), "senior",AND(F4>=66,F4<=87),"Super Adults")} -> Young Adults | I4: 20 | J4: Punjab | K4: North | L4: =IF(AND(I4<5,'Billing Details'!I4>10000),"High Priority","Regular Follow Up") -> Regular Follow Up | M4: =IF(AND(L4="High Priority",'Patient Health Records'!U4="Critical",'Patient Health Records'!T4="Yes"),"Needs Attention",IF(AND('Patient Health Records'!U4<> "Critical",'Patient Health Records'!T4="Yes"),"Monitor Later",IF(AND('Patient Health Records'!U4="Critical",'Patient Health Records'!T4="No"),"Ask for Readmission","No Action"))) -> Ask for Readmission | O4: North | P4: =COUNTIF(K3:K1002,O4) -> 252 | Q4: =COUNTIFS(K:K,O4,L:L,$L$6) -> 105 | R4: =COUNTIFS(K:K,O4,M:M,$M$28) -> 19
A5: PID0004 | B5: Aditya Patel | C5: Male | D5: 34334 | E5: =YEAR(D5) -> 1993 | F5: =DATEDIF(DATE(E5,1,1), TODAY(), "Y") -> 33 | G5: {=_xlfn.IFS(AND(F5>=21,F5<=35), "Young Adults", AND(F5>=35, F5<=45), "Senior Adullt", AND(F5>=46,F5<=65), "senior",AND(F5>=66,F5<=87),"Super Adults")} -> Young Adults | I5: 15 | J5: Karnataka | K5: South | L5: =IF(AND(I5<5,'Billing Details'!I5>10000),"High Priority","Regular Follow Up") -> Regular Follow Up | M5: =IF(AND(L5="High Priority",'Patient Health Records'!U5="Critical",'Patient Health Records'!T5="Yes"),"Needs Attention",IF(AND('Patient Health Records'!U5<> "Critical",'Patient Health Records'!T5="Yes"),"Monitor Later",IF(AND('Patient Health Records'!U5="Critical",'Patient Health Records'!T5="No"),"Ask for Readmission","No Action"))) -> Ask for Readmission | O5: East | P5: =COUNTIF(K4:K1003,O5) -> 136 | Q5: =COUNTIFS(K:K,O5,L:L,$L$6) -> 16 | R5: =COUNTIFS(K:K,O5,M:M,$M$28) -> 2
A6: PID0005 | B6: Aarav Mehta | C6: Male | D6: 32508 | E6: =YEAR(D6) -> 1988 | F6: =DATEDIF(DATE(E6,1,1), TODAY(), "Y") -> 38 | G6: {=_xlfn.IFS(AND(F6>=21,F6<=35), "Young Adults", AND(F6>=35, F6<=45), "Senior Adullt", AND(F6>=46,F6<=65), "senior",AND(F6>=66,F6<=87),"Super Adults")} -> Senior Adullt | I6: 2 | J6: Uttar Pradesh | K6: North | L6: =IF(AND(I6<5,'Billing Details'!I6>10000),"High Priority","Regular Follow Up") -> High Priority | M6: =IF(AND(L6="High Priority",'Patient Health Records'!U6="Critical",'Patient Health Records'!T6="Yes"),"Needs Attention",IF(AND('Patient Health Records'!U6<> "Critical",'Patient Health Records'!T6="Yes"),"Monitor Later",IF(AND('Patient Health Records'!U6="Critical",'Patient Health Records'!T6="No"),"Ask for Readmission","No Action"))) -> Needs Attention | P6: =SUM(P2:P5) -> 1000
A7: PID0006 | B7: Aarav Sharma | C7: Male | D7: 14245 | E7: =YEAR(D7) -> 1938 | F7: =DATEDIF(DATE(E7,1,1), TODAY(), "Y") -> 88 | G7: {=_xlfn.IFS(AND(F7>=21,F7<=35), "Young Adults", AND(F7>=35, F7<=45), "Senior Adullt", AND(F7>=46,F7<=65), "senior",AND(F7>=66,F7<=87),"Super Adults")} -> #N/A | I7: 20 | J7: Karnataka | K7: South | L7: =IF(AND(I7<5,'Billing Details'!I7>10000),"High Priority","Regular Follow Up") -> Regular Follow Up | M7: =IF(AND(L7="High Priority",'Patient Health Records'!U7="Critical",'Patient Health Records'!T7="Yes"),"Needs Attention",IF(AND('Patient Health Records'!U7<> "Critical",'Patient Health Records'!T7="Yes"),"Monitor Later",IF(AND('Patient Health Records'!U7="Critical",'Patient Health Records'!T7="No"),"Ask for Readmission","No Action"))) -> No Action
A8: PID0007 | B8: Sai Raj Patel | C8: Male | D8: 32508 | E8: =YEAR(D8) -> 1988 | F8: =DATEDIF(DATE(E8,1,1), TODAY(), "Y") -> 38 | G8: {=_xlfn.IFS(AND(F8>=21,F8<=35), "Young Adults", AND(F8>=35, F8<=45), "Senior Adullt", AND(F8>=46,F8<=65), "senior",AND(F8>=66,F8<=87),"Super Adults")} -> Senior Adullt | I8: 40 | J8: Maharashtra | K8: West | L8: =IF(AND(I8<5,'Billing Details'!I8>10000),"High Priority","Regular Follow Up") -> Regular Follow Up | M8: =IF(AND(L8="High Priority",'Patient Health Records'!U8="Critical",'Patient Health Records'!T8="Yes"),"Needs Attention",IF(AND('Patient Health Records'!U8<> "Critical",'Patient Health Records'!T8="Yes"),"Monitor Later",IF(AND('Patient Health Records'!U8="Critical",'Patient Health Records'!T8="No"),"Ask for Readmission","No Action"))) -> No Action
A9: PID0008 | B9: Shreya Reddy | C9: Female | D9: 34699 | E9: =YEAR(D9) -> 1994 | F9: =DATEDIF(DATE(E9,1,1), TODAY(), "Y") -> 32 | G9: {=_xlfn.IFS(AND(F9>=21,F9<=35), "Young Adults", AND(F9>=35, F9<=45), "Senior Adullt", AND(F9>=46,F9<=65), "senior",AND(F9>=66,F9<=87),"Super Adults")} -> Young Adults | I9: 30 | J9: Kerala | K9: South | L9: =IF(AND(I9<5,'Billing Details'!I9>10000),"High Priority","Regular Follow Up") -> Regular Follow Up | M9: =IF(AND(L9="High Priority",'Patient Health Records'!U9="Critical",'Patient Health Records'!T9="Yes"),"Needs Attention",IF(AND('Patient Health Records'!U9<> "Critical",'Patient Health Records'!T9="Yes"),"Monitor Later",IF(AND('Patient Health Records'!U9="Critical",'Patient Health Records'!T9="No"),"Ask for Readmission","No Action"))) -> Monitor Later
A10: PID0009 | B10: Diya Mehta | C10: Female | D10: 28855 | E10: =YEAR(D10) -> 1978 | F10: =DATEDIF(DATE(E10,1,1), TODAY(), "Y") -> 48 | G10: {=_xlfn.IFS(AND(F10>=21,F10<=35), "Young Adults", AND(F10>=35, F10<=45), "Senior Adullt", AND(F10>=46,F10<=65), "senior",AND(F10>=66,F10<=87),"Super Adults")} -> senior | I10: 20 | J10: Karnataka | K10: South | L10: =IF(AND(I10<5,'Billing Details'!I10>10000),"High Priority","Regular Follow Up") -> Regular Follow Up | M10: =IF(AND(L10="High Priority",'Patient Health Records'!U10="Critical",'Patient Health Records'!T10="Yes"),"Needs Attention",IF(AND('Patient Health Records'!U10<> "Critical",'Patient Health Records'!T10="Yes"),"Monitor Later",IF(AND('Patient Health Records'!U10="Critical",'Patient Health Records'!T10="No"),"Ask for Readmission","No Action"))) -> No Action
A11: PID0010 | B11: Vivaan Patel | C11: Male | D11: 34699 | E11: =YEAR(D11) -> 1994 | F11: =DATEDIF(DATE(E11,1,1), TODAY(), "Y") -> 32 | G11: {=_xlfn.IFS(AND(F11>=21,F11<=35), "Young Adults", AND(F11>=35, F11<=45), "Senior Adullt", AND(F11>=46,F11<=65), "senior",AND(F11>=66,F11<=87),"Super Adults")} -> Young Adults | I11: 2 | J11: West Bengal | K11: East | L11: =IF(AND(I11<5,'Billing Details'!I11>10000),"High Priority","Regular Follow Up") -> High Priority | M11: =IF(AND(L11="High Priority",'Patient Health Records'!U11="Critical",'Patient Health Records'!T11="Yes"),"Needs Attention",IF(AND('Patient Health Records'!U11<> "Critical",'Patient Health Records'!T11="Yes"),"Monitor Later",IF(AND('Patient Health Records'!U11="Critical",'Patient Health Records'!T11="No"),"Ask for Readmission","No Action"))) -> Ask for Readmission
A12: PID0011 | B12: Aditya Gupta | C12: Male | D12: 23377 | E12: =YEAR(D12) -> 1964 | F12: =DATEDIF(DATE(E12,1,1), TODAY(), "Y") -> 62 | G12: {=_xlfn.IFS(AND(F12>=21,F12<=35), "Young Adults", AND(F12>=35, F12<=45), "Senior Adullt", AND(F12>=46,F12<=65), "senior",AND(F12>=66,F12<=87),"Super Adults")} -> senior | I12: 3 | J12: Karnataka | K12: South | L12: =IF(AND(I12<5,'Billing Details'!I12>10000),"High Priority","Regular Follow Up") -> High Priority | M12: =IF(AND(L12="High Priority",'Patient Health Records'!U12="Critical",'Patient Health Records'!T12="Yes"),"Needs Attention",IF(AND('Patient Health Records'!U12<> "Critical",'Patient Health Records'!T12="Yes"),"Monitor Later",IF(AND('Patient Health Records'!U12="Critical",'Patient Health Records'!T12="No"),"Ask for Readmission","No Action"))) -> No Action
A13: PID0012 | B13: Aditya Sharma | C13: Male | D13: 23377 | E13: =YEAR(D13) -> 1964 | F13: =DATEDIF(DATE(E13,1,1), TODAY(), "Y") -> 62 | G13: {=_xlfn.IFS(AND(F13>=21,F13<=35), "Young Adults", AND(F13>=35, F13<=45), "Senior Adullt", AND(F13>=46,F13<=65), "senior",AND(F13>=66,F13<=87),"Super Adults")} -> senior | I13: 15 | J13: Tamil Nadu | K13: South | L13: =IF(AND(I13<5,'Billing Details'!I13>10000),"High Priority","Regular Follow Up") -> Regular Follow Up | M13: =IF(AND(L13="High Priority",'Patient Health Records'!U13="Critical",'Patient Health Records'!T13="Yes"),"Needs Attention",IF(AND('Patient Health Records'!U13<> "Critical",'Patient Health Records'!T13="Yes"),"Monitor Later",IF(AND('Patient Health Records'!U13="Critical",'Patient Health Records'!T13="No"),"Ask for Readmission","No Action"))) -> Monitor Later
A14: PID0013 | B14: Diya Kumar Sharma | C14: Female | D14: 27029 | E14: =YEAR(D14) -> 1973 | F14: =DATEDIF(DATE(E14,1,1), TODAY(), "Y") -> 53 | G14: {=_xlfn.IFS(AND(F14>=21,F14<=35), "Young Adults", AND(F14>=35, F14<=45), "Senior Adullt", AND(F14>=46,F14<=65), "senior",AND(F14>=66,F14<=87),"Super Adults")} -> senior | I14: 7 | J14: Kerala | K14: South | L14: =IF(AND(I14<5,'Billing Details'!I14>10000),"High Priority","Regular Follow Up") -> Regular Follow Up | M14: =IF(AND(L14="High Priority",'Patient Health Records'!U14="Critical",'Patient Health Records'!T14="Yes"),"Needs Attention",IF(AND('Patient Health Records'!U14<> "Critical",'Patient Health Records'!T14="Yes"),"Monitor Later",IF(AND('Patient Health Records'!U14="Critical",'Patient Health Records'!T14="No"),"Ask for Readmission","No Action"))) -> Monitor Later
A15: PID0014 | B15: Aanya Raj Sharma | C15: Female | D15: 29951 | E15: =YEAR(D15) -> 1981 | F15: =DATEDIF(DATE(E15,1,1), TODAY(), "Y") -> 45 | G15: {=_xlfn.IFS(AND(F15>=21,F15<=35), "Young Adults", AND(F15>=35, F15<=45), "Senior Adullt", AND(F15>=46,F15<=65), "senior",AND(F15>=66,F15<=87),"Super Adults")} -> Senior Adullt | I15: 15 | J15: Kerala | K15: South | L15: =IF(AND(I15<5,'Billing Details'!I15>10000),"High Priority","Regular Follow Up") -> Regular Follow Up | M15: =IF(AND(L15="High Priority",'Patient Health Records'!U15="Critical",'Patient Health Records'!T15="Yes"),"Needs Attention",IF(AND('Patient Health Records'!U15<> "Critical",'Patient Health Records'!T15="Yes"),"Monitor Later",IF(AND('Patient Health Records'!U15="Critical",'Patient Health Records'!T15="No"),"Ask for Readmission","No Action"))) -> No Action
A16: PID0015 | B16: Diya Priya Gupta | C16: Female | D16: 23377 | E16: =YEAR(D16) -> 1964 | F16: =DATEDIF(DATE(E16,1,1), TODAY(), "Y") -> 62 | G16: {=_xlfn.IFS(AND(F16>=21,F16<=35), "Young Adults", AND(F16>=35, F16<=45), "Senior Adullt", AND(F16>=46,F16<=65), "senior",AND(F16>=66,F16<=87),"Super Adults")} -> senior | I16: 2 | J16: Uttar Pradesh | K16: North | L16: =IF(AND(I16<5,'Billing Details'!I16>10000),"High Priority","Regular Follow Up") -> High Priority | M16: =IF(AND(L16="High Priority",'Patient Health Records'!U16="Critical",'Patient Health Records'!T16="Yes"),"Needs Attention",IF(AND('Patient Health Records'!U16<> "Critical",'Patient Health Records'!T16="Yes"),"Monitor Later",IF(AND('Patient Health Records'!U16="Critical",'Patient Health Records'!T16="No"),"Ask for Readmission","No Action"))) -> Ask for Readmission
A17: PID0016 | B17: Isha Kumar Mehta | C17: Female | D17: 34699 | E17: =YEAR(D17) -> 1994 | F17: =DATEDIF(DATE(E17,1,1), TODAY(), "Y") -> 32 | G17: {=_xlfn.IFS(AND(F17>=21,F17<=35), "Young Adults", AND(F17>=35, F17<=45), "Senior Adullt", AND(F17>=46,F17<=65), "senior",AND(F17>=66,F17<=87),"Super Adults")} -> Young Adults | I17: 15 | J17: Gujarat | K17: West | L17: =IF(AND(I17<5,'Billing Details'!I17>10000),"High Priority","Regular Follow Up") -> Regular Follow Up | M17: =IF(AND(L17="High Priority",'Patient Health Records'!U17="Critical",'Patient Health Records'!T17="Yes"),"Needs Attention",IF(AND('Patient Health Records'!U17<> "Critical",'Patient Health Records'!T17="Yes"),"Monitor Later",IF(AND('Patient Health Records'!U17="Critical",'Patient Health Records'!T17="No"),"Ask for Readmission","No Action"))) -> Monitor Later
A18: PID0017 | B18: Aditya Patel | C18: Male | D18: 30682 | E18: =YEAR(D18) -> 1984 | F18: =DATEDIF(DATE(E18,1,1), TODAY(), "Y") -> 42 | G18: {=_xlfn.IFS(AND(F18>=21,F18<=35), "Young Adults", AND(F18>=35, F18<=45), "Senior Adullt", AND(F18>=46,F18<=65), "senior",AND(F18>=66,F18<=87),"Super Adults")} -> Senior Adullt | I18: 7 | J18: Kerala | K18: South | L18: =IF(AND(I18<5,'Billing Details'!I18>10000),"High Priority","Regular Follow Up") -> Regular Follow Up | M18: =IF(AND(L18="High Priority",'Patient Health Records'!U18="Critical",'Patient Health Records'!T18="Yes"),"Needs Attention",IF(AND('Patient Health Records'!U18<> "Critical",'Patient Health Records'!T18="Yes"),"Monitor Later",IF(AND('Patient Health Records'!U18="Critical",'Patient Health Records'!T18="No"),"Ask for Readmission","No Action"))) -> No Action
... A27: PID0026 | B27: Aanya Priya Reddy | C27: Female | D27: 25203 | E27: =YEAR(D27) -> 1968 | F27: =DATEDIF(DATE(E27,1,1), TODAY(), "Y") -> 58 | G27: {=_xlfn.IFS(AND(F27>=21,F27<=35), "Young Adults", AND(F27>=35, F27<=45), "Senior Adullt", AND(F27>=46,F27<=65), "senior",AND(F27>=66,F27<=87),"Super Adults")} -> senior | I27: 2 | J27: Uttar Pradesh | K27: North | L27: =IF(AND(I27<5,'Billing Details'!I27>10000),"High Priority","Regular Follow Up") -> High Priority | M27: =IF(AND(L27="High Priority",'Patient Health Records'!U27="Critical",'Patient Health Records'!T27="Yes"),"Needs Attention",IF(AND('Patient Health Records'!U27<> "Critical",'Patient Health Records'!T27="Yes"),"Monitor Later",IF(AND('Patient Health Records'!U27="Critical",'Patient Health Records'!T27="No"),"Ask for Readmission","No Action"))) -> No Action
A28: PID0027 | B28: Riya Mehta | C28: Female | D28: 28855 | E28: =YEAR(D28) -> 1978 | F28: =DATEDIF(DATE(E28,1,1), TODAY(), "Y") -> 48 | G28: {=_xlfn.IFS(AND(F28>=21,F28<=35), "Young Adults", AND(F28>=35, F28<=45), "Senior Adullt", AND(F28>=46,F28<=65), "senior",AND(F28>=66,F28<=87),"Super Adults")} -> senior | J28: Gujarat | K28: West | L28: =IF(AND(I28<5,'Billing Details'!I28>10000),"High Priority","Regular Follow Up") -> High Priority | M28: =IF(AND(L28="High Priority",'Patient Health Records'!U28="Critical",'Patient Health Records'!T28="Yes"),"Needs Attention",IF(AND('Patient Health Records'!U28<> "Critical",'Patient Health Records'!T28="Yes"),"Monitor Later",IF(AND('Patient Health Records'!U28="Critical",'Patient Health Records'!T28="No"),"Ask for Readmission","No Action"))) -> Needs Attention
A29: PID0028 | B29: Aarav Sharma | C29: Male | D29: 34334 | E29: =YEAR(D29) -> 1993 | F29: =DATEDIF(DATE(E29,1,1), TODAY(), "Y") -> 33 | G29: {=_xlfn.IFS(AND(F29>=21,F29<=35), "Young Adults", AND(F29>=35, F29<=45), "Senior Adullt", AND(F29>=46,F29<=65), "senior",AND(F29>=66,F29<=87),"Super Adults")} -> Young Adults | I29: 25 | J29: Karnataka | K29: South | L29: =IF(AND(I29<5,'Billing Details'!I29>10000),"High Priority","Regular Follow Up") -> Regular Follow Up | M29: =IF(AND(L29="High Priority",'Patient Health Records'!U29="Critical",'Patient Health Records'!T29="Yes"),"Needs Attention",IF(AND('Patient Health Records'!U29<> "Critical",'Patient Health Records'!T29="Yes"),"Monitor Later",IF(AND('Patient Health Records'!U29="Critical",'Patient Health Records'!T29="No"),"Ask for Readmission","No Action"))) -> Monitor Later
A30: PID0029 | B30: Krishna Sharma | C30: Male | D30: 32508 | E30: =YEAR(D30) -> 1988 | F30: =DATEDIF(DATE(E30,1,1), TODAY(), "Y") -> 38 | G30: {=_xlfn.IFS(AND(F30>=21,F30<=35), "Young Adults", AND(F30>=35, F30<=45), "Senior Adullt", AND(F30>=46,F30<=65), "senior",AND(F30>=66,F30<=87),"Super Adults")} -> Senior Adullt | I30: 2 | J30: Uttar Pradesh | K30: North | L30: =IF(AND(I30<5,'Billing Details'!I30>10000),"High Priority","Regular Follow Up") -> High Priority | M30: =IF(AND(L30="High Priority",'Patient Health Records'!U30="Critical",'Patient Health Records'!T30="Yes"),"Needs Attention",IF(AND('Patient Health Records'!U30<> "Critical",'Patient Health Records'!T30="Yes"),"Monitor Later",IF(AND('Patient Health Records'!U30="Critical",'Patient Health Records'!T30="No"),"Ask for Readmission","No Action"))) -> Monitor Later
A31: PID0030 | B31: Aanya Priya Reddy | C31: Female | D31: 36160 | E31: =YEAR(D31) -> 1998 | F31: =DATEDIF(DATE(E31,1,1), TODAY(), "Y") -> 28 | G31: {=_xlfn.IFS(AND(F31>=21,F31<=35), "Young Adults", AND(F31>=35, F31<=45), "Senior Adullt", AND(F31>=46,F31<=65), "senior",AND(F31>=66,F31<=87),"Super Adults")} -> Young Adults | I31: 30 | J31: Uttar Pradesh | K31: North | L31: =IF(AND(I31<5,'Billing Details'!I31>10000),"High Priority","Regular Follow Up") -> Regular Follow Up | M31: =IF(AND(L31="High Priority",'Patient Health Records'!U31="Critical",'Patient Health Records'!T31="Yes"),"Needs Attention",IF(AND('Patient Health Records'!U31<> "Critical",'Patient Health Records'!T31="Yes"),"Monitor Later",IF(AND('Patient Health Records'!U31="Critical",'Patient Health Records'!T31="No"),"Ask for Readmission","No Action"))) -> No Action
A32: PID0031 | B32: Shreya Sharma | C32: Female | D32: 29951 | E32: =YEAR(D32) -> 1981 | F32: =DATEDIF(DATE(E32,1,1), TODAY(), "Y") -> 45 | G32: {=_xlfn.IFS(AND(F32>=21,F32<=35), "Young Adults", AND(F32>=35, F32<=45), "Senior Adullt", AND(F32>=46,F32<=65), "senior",AND(F32>=66,F32<=87),"Super Adults")} -> Senior Adullt | I32: 1 | J32: Uttar Pradesh | K32: North | L32: =IF(AND(I32<5,'Billing Details'!I32>10000),"High Priority","Regular Follow Up") -> High Priority | M32: =IF(AND(L32="High Priority",'Patient Health Records'!U32="Critical",'Patient Health Records'!T32="Yes"),"Needs Attention",IF(AND('Patient Health Records'!U32<> "Critical",'Patient Health Records'!T32="Yes"),"Monitor Later",IF(AND('Patient Health Records'!U32="Critical",'Patient Health Records'!T32="No"),"Ask for Readmission","No Action"))) -> Ask for Readmission
A33: PID0032 | B33: Isha Gupta | C33: Female | D33: 27029 | E33: =YEAR(D33) -> 1973 | F33: =DATEDIF(DATE(E33,1,1), TODAY(), "Y") -> 53 | G33: {=_xlfn.IFS(AND(F33>=21,F33<=35), "Young Adults", AND(F33>=35, F33<=45), "Senior Adullt", AND(F33>=46,F33<=65), "senior",AND(F33>=66,F33<=87),"Super Adults")} -> senior | I33: 9 | J33: Tamil Nadu | K33: South | L33: =IF(AND(I33<5,'Billing Details'!I33>10000),"High Priority","Regular Follow Up") -> Regular Follow Up | M33: =IF(AND(L33="High Priority",'Patient Health Records'!U33="Critical",'Patient Health Records'!T33="Yes"),"Needs Attention",IF(AND('Patient Health Records'!U33<> "Critical",'Patient Health Records'!T33="Yes"),"Monitor Later",IF(AND('Patient Health Records'!U33="Critical",'Patient Health Records'!T33="No"),"Ask for Readmission","No Action"))) -> No Action
A34: PID0033 | B34: Diya Sharma | C34: Female | D34: 36160 | E34: =YEAR(D34) -> 1998 | F34: =DATEDIF(DATE(E34,1,1), TODAY(), "Y") -> 28 | G34: {=_xlfn.IFS(AND(F34>=21,F34<=35), "Young Adults", AND(F34>=35, F34<=45), "Senior Adullt", AND(F34>=46,F34<=65), "senior",AND(F34>=66,F34<=87),"Super Adults")} -> Young Adults | I34: 15 | J34: Maharashtra | K34: West | L34: =IF(AND(I34<5,'Billing Details'!I34>10000),"High Priority","Regular Follow Up") -> Regular Follow Up | M34: =IF(AND(L34="High Priority",'Patient Health Records'!U34="Critical",'Patient Health Records'!T34="Yes"),"Needs Attention",IF(AND('Patient Health Records'!U34<> "Critical",'Patient Health Records'!T34="Yes"),"Monitor Later",IF(AND('Patient Health Records'!U34="Critical",'Patient Health Records'!T34="No"),"Ask for Readmission","No Action"))) -> Monitor Later
A35: PID0034 | B35: Aditya Mehta | C35: Male | D35: 30682 | E35: =YEAR(D35) -> 1984 | F35: =DATEDIF(DATE(E35,1,1), TODAY(), "Y") -> 42 | G35: {=_xlfn.IFS(AND(F35>=21,F35<=35), "Young Adults", AND(F35>=35, F35<=45), "Senior Adullt", AND(F35>=46,F35<=65), "senior",AND(F35>=66,F35<=87),"Super Adults")} -> Senior Adullt | I35: 15 | J35: Punjab | K35: North | L35: =IF(AND(I35<5,'Billing Details'!I35>10000),"High Priority","Regular Follow Up") -> Regular Follow Up | M35: =IF(AND(L35="High Priority",'Patient Health Records'!U35="Critical",'Patient Health Records'!T35="Yes"),"Needs Attention",IF(AND('Patient Health Records'!U35<> "Critical",'Patient Health Records'!T35="Yes"),"Monitor Later",IF(AND('Patient Health Records'!U35="Critical",'Patient Health Records'!T35="No"),"Ask for Readmission","No Action"))) -> No Action
A36: PID0035 | B36: Krishna Sharma | C36: Male | D36: 27760 | E36: =YEAR(D36) -> 1976 | F36: =DATEDIF(DATE(E36,1,1), TODAY(), "Y") -> 50 | G36: {=_xlfn.IFS(AND(F36>=21,F36<=35), "Young Adults", AND(F36>=35, F36<=45), "Senior Adullt", AND(F36>=46,F36<=65), "senior",AND(F36>=66,F36<=87),"Super Adults")} -> senior | I36: 2 | J36: Uttar Pradesh | K36: North | L36: =IF(AND(I36<5,'Billing Details'!I36>10000),"High Priority","Regular Follow Up") -> High Priority | M36: =IF(AND(L36="High Priority",'Patient Health Records'!U36="Critical",'Patient Health Records'!T36="Yes"),"Needs Attention",IF(AND('Patient Health Records'!U36<> "Critical",'Patient Health Records'!T36="Yes"),"Monitor Later",IF(AND('Patient Health Records'!U36="Critical",'Patient Health Records'!T36="No"),"Ask for Readmission","No Action"))) -> Needs Attention
A37: PID0036 | B37: Riya Gupta | C37: Female | D37: 25203 | E37: =YEAR(D37) -> 1968 | F37: =DATEDIF(DATE(E37,1,1), TODAY(), "Y") -> 58 | G37: {=_xlfn.IFS(AND(F37>=21,F37<=35), "Young Adults", AND(F37>=35, F37<=45), "Senior Adullt", AND(F37>=46,F37<=65), "senior",AND(F37>=66,F37<=87),"Super Adults")} -> senior | I37: 4 | J37: Punjab | K37: North | L37: =IF(AND(I37<5,'Billing Details'!I37>10000),"High Priority","Regular Follow Up") -> High Priority | M37: =IF(AND(L37="High Priority",'Patient Health Records'!U37="Critical",'Patient Health Records'!T37="Yes"),"Needs Attention",IF(AND('Patient Health Records'!U37<> "Critical",'Patient Health Records'!T37="Yes"),"Monitor Later",IF(AND('Patient Health Records'!U37="Critical",'Patient Health Records'!T37="No"),"Ask for Readmission","No Action"))) -> No Action
A38: PID0037 | B38: Aanya Priya Sharma | C38: Female | D38: 23377 | E38: =YEAR(D38) -> 1964 | F38: =DATEDIF(DATE(E38,1,1), TODAY(), "Y") -> 62 | G38: {=_xlfn.IFS(AND(F38>=21,F38<=35), "Young Adults", AND(F38>=35, F38<=45), "Senior Adullt", AND(F38>=46,F38<=65), "senior",AND(F38>=66,F38<=87),"Super Adults")} -> senior | I38: 5 | J38: Gujarat | K38: West | L38: =IF(AND(I38<5,'Billing Details'!I38>10000),"High Priority","Regular Follow Up") -> Regular Follow Up | M38: =IF(AND(L38="High Priority",'Patient Health Records'!U38="Critical",'Patient Health Records'!T38="Yes"),"Needs Attention",IF(AND('Patient Health Records'!U38<> "Critical",'Patient Health Records'!T38="Yes"),"Monitor Later",IF(AND('Patient Health Records'!U38="Critical",'Patient Health Records'!T38="No"),"Ask for Readmission","No Action"))) -> No Action
A39: PID0038 | B39: Sai Priya Mehta | C39: Male | D39: 32508 | E39: =YEAR(D39) -> 1988 | F39: =DATEDIF(DATE(E39,1,1), TODAY(), "Y") -> 38 | G39: {=_xlfn.IFS(AND(F39>=21,F39<=35), "Young Adults", AND(F39>=35, F39<=45), "Senior Adullt", AND(F39>=46,F39<=65), "senior",AND(F39>=66,F39<=87),"Super Adults")} -> Senior Adullt | I39: 15 | J39: Karnataka | K39: South | L39: =IF(AND(I39<5,'Billing Details'!I39>10000),"High Priority","Regular Follow Up") -> Regular Follow Up | M39: =IF(AND(L39="High Priority",'Patient Health Records'!U39="Critical",'Patient Health Records'!T39="Yes"),"Needs Attention",IF(AND('Patient Health Records'!U39<> "Critical",'Patient Health Records'!T39="Yes"),"Monitor Later",IF(AND('Patient Health Records'!U39="Critical",'Patient Health Records'!T39="No"),"Ask for Readmission","No Action"))) -> No Action
A40: PID0039 | B40: Isha Kumar Sharma | C40: Female | D40: 27029 | E40: =YEAR(D40) -> 1973 | F40: =DATEDIF(DATE(E40,1,1), TODAY(), "Y") -> 53 | G40: {=_xlfn.IFS(AND(F40>=21,F40<=35), "Young Adults", AND(F40>=35, F40<=45), "Senior Adullt", AND(F40>=46,F40<=65), "senior",AND(F40>=66,F40<=87),"Super Adults")} -> senior | I40: 25 | J40: Gujarat | K40: West | L40: =IF(AND(I40<5,'Billing Details'!I40>10000),"High Priority","Regular Follow Up") -> Regular Follow Up | M40: =IF(AND(L40="High Priority",'Patient Health Records'!U40="Critical",'Patient Health Records'!T40="Yes"),"Needs Attention",IF(AND('Patient Health Records'!U40<> "Critical",'Patient Health Records'!T40="Yes"),"Monitor Later",IF(AND('Patient Health Records'!U40="Critical",'Patient Health Records'!T40="No"),"Ask for Readmission","No Action"))) -> No Action
... A54: PID0053 | B54: Isha Sharma | C54: Female | D54: 23377 | E54: =YEAR(D54) -> 1964 | F54: =DATEDIF(DATE(E54,1,1), TODAY(), "Y") -> 62 | G54: {=_xlfn.IFS(AND(F54>=21,F54<=35), "Young Adults", AND(F54>=35, F54<=45), "Senior Adullt", AND(F54>=46,F54<=65), "senior",AND(F54>=66,F54<=87),"Super Adults")} -> senior | I54: 300 | J54: Gujarat | K54: West | L54: =IF(AND(I54<5,'Billing Details'!I54>10000),"High Priority","Regular Follow Up") -> Regular Follow Up | M54: =IF(AND(L54="High Priority",'Patient Health Records'!U54="Critical",'Patient Health Records'!T54="Yes"),"Needs Attention",IF(AND('Patient Health Records'!U54<> "Critical",'Patient Health Records'!T54="Yes"),"Monitor Later",IF(AND('Patient Health Records'!U54="Critical",'Patient Health Records'!T54="No"),"Ask for Readmission","No Action"))) -> No Action
A55: PID0054 | B55: Aarav Patel | C55: Male | D55: 30682 | E55: =YEAR(D55) -> 1984 | F55: =DATEDIF(DATE(E55,1,1), TODAY(), "Y") -> 42 | G55: {=_xlfn.IFS(AND(F55>=21,F55<=35), "Young Adults", AND(F55>=35, F55<=45), "Senior Adullt", AND(F55>=46,F55<=65), "senior",AND(F55>=66,F55<=87),"Super Adults")} -> Senior Adullt | J55: Gujarat | K55: West | L55: =IF(AND(I55<5,'Billing Details'!I55>10000),"High Priority","Regular Follow Up") -> Regular Follow Up | M55: =IF(AND(L55="High Priority",'Patient Health Records'!U55="Critical",'Patient Health Records'!T55="Yes"),"Needs Attention",IF(AND('Patient Health Records'!U55<> "Critical",'Patient Health Records'!T55="Yes"),"Monitor Later",IF(AND('Patient Health Records'!U55="Critical",'Patient Health Records'!T55="No"),"Ask for Readmission","No Action"))) -> Monitor Later
A56: PID0055 | B56: Isha Patel | C56: Female | D56: 28855 | E56: =YEAR(D56) -> 1978 | F56: =DATEDIF(DATE(E56,1,1), TODAY(), "Y") -> 48 | G56: {=_xlfn.IFS(AND(F56>=21,F56<=35), "Young Adults", AND(F56>=35, F56<=45), "Senior Adullt", AND(F56>=46,F56<=65), "senior",AND(F56>=66,F56<=87),"Super Adults")} -> senior | I56: 4 | J56: Punjab | K56: North | L56: =IF(AND(I56<5,'Billing Details'!I56>10000),"High Priority","Regular Follow Up") -> High Priority | M56: =IF(AND(L56="High Priority",'Patient Health Records'!U56="Critical",'Patient Health Records'!T56="Yes"),"Needs Attention",IF(AND('Patient Health Records'!U56<> "Critical",'Patient Health Records'!T56="Yes"),"Monitor Later",IF(AND('Patient Health Records'!U56="Critical",'Patient Health Records'!T56="No"),"Ask for Readmission","No Action"))) -> Monitor Later
A57: PID0056 | B57: Isha Kumar Reddy | C57: Female | D57: 23377 | E57: =YEAR(D57) -> 1964 | F57: =DATEDIF(DATE(E57,1,1), TODAY(), "Y") -> 62 | G57: {=_xlfn.IFS(AND(F57>=21,F57<=35), "Young Adults", AND(F57>=35, F57<=45), "Senior Adullt", AND(F57>=46,F57<=65), "senior",AND(F57>=66,F57<=87),"Super Adults")} -> senior | I57: 2 | J57: Uttar Pradesh | K57: North | L57: =IF(AND(I57<5,'Billing Details'!I57>10000),"High Priority","Regular Follow Up") -> High Priority | M57: =IF(AND(L57="High Priority",'Patient Health Records'!U57="Critical",'Patient Health Records'!T57="Yes"),"Needs Attention",IF(AND('Patient Health Records'!U57<> "Critical",'Patient Health Records'!T57="Yes"),"Monitor Later",IF(AND('Patient Health Records'!U57="Critical",'Patient Health Records'!T57="No"),"Ask for Readmission","No Action"))) -> No Action
A58: PID0057 | B58: Aarav Reddy | C58: Male | D58: 26299 | E58: =YEAR(D58) -> 1972 | F58: =DATEDIF(DATE(E58,1,1), TODAY(), "Y") -> 54 | G58: {=_xlfn.IFS(AND(F58>=21,F58<=35), "Young Adults", AND(F58>=35, F58<=45), "Senior Adullt", AND(F58>=46,F58<=65), "senior",AND(F58>=66,F58<=87),"Super Adults")} -> senior | I58: 2 | J58: Punjab | K58: North | L58: =IF(AND(I58<5,'Billing Details'!I58>10000),"High Priority","Regular Follow Up") -> Regular Follow Up | M58: =IF(AND(L58="High Priority",'Patient Health Records'!U58="Critical",'Patient Health Records'!T58="Yes"),"Needs Attention",IF(AND('Patient Health Records'!U58<> "Critical",'Patient Health Records'!T58="Yes"),"Monitor Later",IF(AND('Patient Health Records'!U58="Critical",'Patient Health Records'!T58="No"),"Ask for Readmission","No Action"))) -> Monitor Later
A59: PID0058 | B59: Aditya Dev Sharma | C59: Male | D59: 31412 | E59: =YEAR(D59) -> 1985 | F59: =DATEDIF(DATE(E59,1,1), TODAY(), "Y") -> 41 | G59: {=_xlfn.IFS(AND(F59>=21,F59<=35), "Young Adults", AND(F59>=35, F59<=45), "Senior Adullt", AND(F59>=46,F59<=65), "senior",AND(F59>=66,F59<=87),"Super Adults")} -> Senior Adullt | I59: 5 | J59: Kerala | K59: South | L59: =IF(AND(I59<5,'Billing Details'!I59>10000),"High Priority","Regular Follow Up") -> Regular Follow Up | M59: =IF(AND(L59="High Priority",'Patient Health Records'!U59="Critical",'Patient Health Records'!T59="Yes"),"Needs Attention",IF(AND('Patient Health Records'!U59<> "Critical",'Patient Health Records'!T59="Yes"),"Monitor Later",IF(AND('Patient Health Records'!U59="Critical",'Patient Health Records'!T59="No"),"Ask for Readmission","No Action"))) -> Monitor Later
A60: PID0059 | B60: Isha Patel | C60: Female | D60: 28855 | E60: =YEAR(D60) -> 1978 | F60: =DATEDIF(DATE(E60,1,1), TODAY(), "Y") -> 48 | G60: {=_xlfn.IFS(AND(F60>=21,F60<=35), "Young Adults", AND(F60>=35, F60<=45), "Senior Adullt", AND(F60>=46,F60<=65), "senior",AND(F60>=66,F60<=87),"Super Adults")} -> senior | I60: 20 | J60: Kerala | K60: South | L60: =IF(AND(I60<5,'Billing Details'!I60>10000),"High Priority","Regular Follow Up") -> Regular Follow Up | M60: =IF(AND(L60="High Priority",'Patient Health Records'!U60="Critical",'Patient Health Records'!T60="Yes"),"Needs Attention",IF(AND('Patient Health Records'!U60<> "Critical",'Patient Health Records'!T60="Yes"),"Monitor Later",IF(AND('Patient Health Records'!U60="Critical",'Patient Health Records'!T60="No"),"Ask for Readmission","No Action"))) -> No Action
A61: PID0060 | B61: Vivaan Reddy | C61: Male | D61: 30682 | E61: =YEAR(D61) -> 1984 | F61: =DATEDIF(DATE(E61,1,1), TODAY(), "Y") -> 42 | G61: {=_xlfn.IFS(AND(F61>=21,F61<=35), "Young Adults", AND(F61>=35, F61<=45), "Senior Adullt", AND(F61>=46,F61<=65), "senior",AND(F61>=66,F61<=87),"Super Adults")} -> Senior Adullt | I61: 1 | J61: Uttar Pradesh | K61: North | L61: =IF(AND(I61<5,'Billing Details'!I61>10000),"High Priority","Regular Follow Up") -> Regular Follow Up | M61: =IF(AND(L61="High Priority",'Patient Health Records'!U61="Critical",'Patient Health Records'!T61="Yes"),"Needs Attention",IF(AND('Patient Health Records'!U61<> "Critical",'Patient Health Records'!T61="Yes"),"Monitor Later",IF(AND('Patient Health Records'!U61="Critical",'Patient Health Records'!T61="No"),"Ask for Readmission","No Action"))) -> Monitor Later
A62: PID0061 | B62: Aarav Reddy | C62: Male | D62: 32508 | E62: =YEAR(D62) -> 1988 | F62: =DATEDIF(DATE(E62,1,1), TODAY(), "Y") -> 38 | G62: {=_xlfn.IFS(AND(F62>=21,F62<=35), "Young Adults", AND(F62>=35, F62<=45), "Senior Adullt", AND(F62>=46,F62<=65), "senior",AND(F62>=66,F62<=87),"Super Adults")} -> Senior Adullt | I62: 15 | J62: Punjab | K62: North | L62: =IF(AND(I62<5,'Billing Details'!I62>10000),"High Priority","Regular Follow Up") -> Regular Follow Up | M62: =IF(AND(L62="High Priority",'Patient Health Records'!U62="Critical",'Patient Health Records'!T62="Yes"),"Needs Attention",IF(AND('Patient Health Records'!U62<> "Critical",'Patient Health Records'!T62="Yes"),"Monitor Later",IF(AND('Patient Health Records'!U62="Critical",'Patient Health Records'!T62="No"),"Ask for Readmission","No Action"))) -> No Action
A63: PID0062 | B63: Shreya Mehta | C63: Female | D63: 34699 | E63: =YEAR(D63) -> 1994 | F63: =DATEDIF(DATE(E63,1,1), TODAY(), "Y") -> 32 | G63: {=_xlfn.IFS(AND(F63>=21,F63<=35), "Young Adults", AND(F63>=35, F63<=45), "Senior Adullt", AND(F63>=46,F63<=65), "senior",AND(F63>=66,F63<=87),"Super Adults")} -> Young Adults | I63: 2 | J63: Uttar Pradesh | K63: North | L63: =IF(AND(I63<5,'Billing Details'!I63>10000),"High Priority","Regular Follow Up") -> High Priority | M63: =IF(AND(L63="High Priority",'Patient Health Records'!U63="Critical",'Patient Health Records'!T63="Yes"),"Needs Attention",IF(AND('Patient Health Records'!U63<> "Critical",'Patient Health Records'!T63="Yes"),"Monitor Later",IF(AND('Patient Health Records'!U63="Critical",'Patient Health Records'!T63="No"),"Ask for Readmission","No Action"))) -> No Action
A64: PID0063 | B64: Aditya Mehta | C64: Male | D64: 30682 | E64: =YEAR(D64) -> 1984 | F64: =DATEDIF(DATE(E64,1,1), TODAY(), "Y") -> 42 | G64: {=_xlfn.IFS(AND(F64>=21,F64<=35), "Young Adults", AND(F64>=35, F64<=45), "Senior Adullt", AND(F64>=46,F64<=65), "senior",AND(F64>=66,F64<=87),"Super Adults")} -> Senior Adullt | I64: 40 | J64: Gujarat | K64: West | L64: =IF(AND(I64<5,'Billing Details'!I64>10000),"High Priority","Regular Follow Up") -> Regular Follow Up | M64: =IF(AND(L64="High Priority",'Patient Health Records'!U64="Critical",'Patient Health Records'!T64="Yes"),"Needs Attention",IF(AND('Patient Health Records'!U64<> "Critical",'Patient Health Records'!T64="Yes"),"Monitor Later",IF(AND('Patient Health Records'!U64="Critical",'Patient Health Records'!T64="No"),"Ask for Readmission","No Action"))) -> Monitor Later
A65: PID0064 | B65: Isha Mehta | C65: Female | D65: 31412 | E65: =YEAR(D65) -> 1985 | F65: =DATEDIF(DATE(E65,1,1), TODAY(), "Y") -> 41 | G65: {=_xlfn.IFS(AND(F65>=21,F65<=35), "Young Adults", AND(F65>=35, F65<=45), "Senior Adullt", AND(F65>=46,F65<=65), "senior",AND(F65>=66,F65<=87),"Super Adults")} -> Senior Adullt | I65: 40 | J65: Gujarat | K65: West | L65: =IF(AND(I65<5,'Billing Details'!I65>10000),"High Priority","Regular Follow Up") -> Regular Follow Up | M65: =IF(AND(L65="High Priority",'Patient Health Records'!U65="Critical",'Patient Health Records'!T65="Yes"),"Needs Attention",IF(AND('Patient Health Records'!U65<> "Critical",'Patient Health Records'!T65="Yes"),"Monitor Later",IF(AND('Patient Health Records'!U65="Critical",'Patient Health Records'!T65="No"),"Ask for Readmission","No Action"))) -> No Action
A66: PID0065 | B66: Aarav Singh Reddy | C66: Male | D66: 21550 | E66: =YEAR(D66) -> 1958 | F66: =DATEDIF(DATE(E66,1,1), TODAY(), "Y") -> 68 | G66: {=_xlfn.IFS(AND(F66>=21,F66<=35), "Young Adults", AND(F66>=35, F66<=45), "Senior Adullt", AND(F66>=46,F66<=65), "senior",AND(F66>=66,F66<=87),"Super Adults")} -> Super Adults | I66: 12 | J66: Gujarat | K66: West | L66: =IF(AND(I66<5,'Billing Details'!I66>10000),"High Priority","Regular Follow Up") -> Regular Follow Up | M66: =IF(AND(L66="High Priority",'Patient Health Records'!U66="Critical",'Patient Health Records'!T66="Yes"),"Needs Attention",IF(AND('Patient Health Records'!U66<> "Critical",'Patient Health Records'!T66="Yes"),"Monitor Later",IF(AND('Patient Health Records'!U66="Critical",'Patient Health Records'!T66="No"),"Ask for Readmission","No Action"))) -> No Action
A67: PID0066 | B67: Shreya Sharma | C67: Female | D67: 32508 | E67: =YEAR(D67) -> 1988 | F67: =DATEDIF(DATE(E67,1,1), TODAY(), "Y") -> 38 | G67: {=_xlfn.IFS(AND(F67>=21,F67<=35), "Young Adults", AND(F67>=35, F67<=45), "Senior Adullt", AND(F67>=46,F67<=65), "senior",AND(F67>=66,F67<=87),"Super Adults")} -> Senior Adullt | I67: 20 | J67: Maharashtra | K67: West | L67: =IF(AND(I67<5,'Billing Details'!I67>10000),"High Priority","Regular Follow Up") -> Regular Follow Up | M67: =IF(AND(L67="High Priority",'Patient Health Records'!U67="Critical",'Patient Health Records'!T67="Yes"),"Needs Attention",IF(AND('Patient Health Records'!U67<> "Critical",'Patient Health Records'!T67="Yes"),"Monitor Later",IF(AND('Patient Health Records'!U67="Critical",'Patient Health Records'!T67="No"),"Ask for Readmission","No Action"))) -> No Action
... A111: PID0110 | B111: Aditya Patel | C111: Male | D111: 29951 | E111: =YEAR(D111) -> 1981 | F111: =DATEDIF(DATE(E111,1,1), TODAY(), "Y") -> 45 | G111: {=_xlfn.IFS(AND(F111>=21,F111<=35), "Young Adults", AND(F111>=35, F111<=45), "Senior Adullt", AND(F111>=46,F111<=65), "senior",AND(F111>=66,F111<=87),"Super Adults")} -> Senior Adullt | I111: 30 | J111: Karnataka | K111: South | L111: =IF(AND(I111<5,'Billing Details'!I111>10000),"High Priority","Regular Follow Up") -> Regular Follow Up | M111: =IF(AND(L111="High Priority",'Patient Health Records'!U111="Critical",'Patient Health Records'!T111="Yes"),"Needs Attention",IF(AND('Patient Health Records'!U111<> "Critical",'Patient Health Records'!T111="Yes"),"Monitor Later",IF(AND('Patient Health Records'!U111="Critical",'Patient Health Records'!T111="No"),"Ask for Readmission","No Action"))) -> No Action
A112: PID0111 | B112: Isha Singh Mehta | C112: Female | D112: 30682 | E112: =YEAR(D112) -> 1984 | F112: =DATEDIF(DATE(E112,1,1), TODAY(), "Y") -> 42 | G112: {=_xlfn.IFS(AND(F112>=21,F112<=35), "Young Adults", AND(F112>=35, F112<=45), "Senior Adullt", AND(F112>=46,F112<=65), "senior",AND(F112>=66,F112<=87),"Super Adults")} -> Senior Adullt | J112: Maharashtra | K112: West | L112: =IF(AND(I112<5,'Billing Details'!I112>10000),"High Priority","Regular Follow Up") -> High Priority | M112: =IF(AND(L112="High Priority",'Patient Health Records'!U112="Critical",'Patient Health Records'!T112="Yes"),"Needs Attention",IF(AND('Patient Health Records'!U112<> "Critical",'Patient Health Records'!T112="Yes"),"Monitor Later",IF(AND('Patient Health Records'!U112="Critical",'Patient Health Records'!T112="No"),"Ask for Readmission","No Action"))) -> No Action
A113: PID0112 | B113: Riya Gupta | C113: Female | D113: 19724 | E113: =YEAR(D113) -> 1953 | F113: =DATEDIF(DATE(E113,1,1), TODAY(), "Y") -> 73 | G113: {=_xlfn.IFS(AND(F113>=21,F113<=35), "Young Adults", AND(F113>=35, F113<=45), "Senior Adullt", AND(F113>=46,F113<=65), "senior",AND(F113>=66,F113<=87),"Super Adults")} -> Super Adults | I113: 20 | J113: West Bengal | K113: East | L113: =IF(AND(I113<5,'Billing Details'!I113>10000),"High Priority","Regular Follow Up") -> Regular Follow Up | M113: =IF(AND(L113="High Priority",'Patient Health Records'!U113="Critical",'Patient Health Records'!T113="Yes"),"Needs Attention",IF(AND('Patient Health Records'!U113<> "Critical",'Patient Health Records'!T113="Yes"),"Monitor Later",IF(AND('Patient Health Records'!U113="Critical",'Patient Health Records'!T113="No"),"Ask for Readmission","No Action"))) -> Monitor Later
A114: PID0113 | B114: Riya Sharma | C114: Female | D114: 23377 | E114: =YEAR(D114) -> 1964 | F114: =DATEDIF(DATE(E114,1,1), TODAY(), "Y") -> 62 | G114: {=_xlfn.IFS(AND(F114>=21,F114<=35), "Young Adults", AND(F114>=35, F114<=45), "Senior Adullt", AND(F114>=46,F114<=65), "senior",AND(F114>=66,F114<=87),"Super Adults")} -> senior | I114: 5 | J114: Gujarat | K114: West | L114: =IF(AND(I114<5,'Billing Details'!I114>10000),"High Priority","Regular Follow Up") -> Regular Follow Up | M114: =IF(AND(L114="High Priority",'Patient Health Records'!U114="Critical",'Patient Health Records'!T114="Yes"),"Needs Attention",IF(AND('Patient Health Records'!U114<> "Critical",'Patient Health Records'!T114="Yes"),"Monitor Later",IF(AND('Patient Health Records'!U114="Critical",'Patient Health Records'!T114="No"),"Ask for Readmission","No Action"))) -> Monitor Later
A115: PID0114 | B115: Shreya Dev Sharma | C115: Female | D115: 27029 | E115: =YEAR(D115) -> 1973 | F115: =DATEDIF(DATE(E115,1,1), TODAY(), "Y") -> 53 | G115: {=_xlfn.IFS(AND(F115>=21,F115<=35), "Young Adults", AND(F115>=35, F115<=45), "Senior Adullt", AND(F115>=46,F115<=65), "senior",AND(F115>=66,F115<=87),"Super Adults")} -> senior | I115: 12 | J115: Kerala | K115: South | L115: =IF(AND(I115<5,'Billing Details'!I115>10000),"High Priority","Regular Follow Up") -> Regular Follow Up | M115: =IF(AND(L115="High Priority",'Patient Health Records'!U115="Critical",'Patient Health Records'!T115="Yes"),"Needs Attention",IF(AND('Patient Health Records'!U115<> "Critical",'Patient Health Records'!T115="Yes"),"Monitor Later",IF(AND('Patient Health Records'!U115="Critical",'Patient Health Records'!T115="No"),"Ask for Readmission","No Action"))) -> Ask for Readmission
A116: PID0115 | B116: Diya Gupta | C116: Female | D116: 34334 | E116: =YEAR(D116) -> 1993 | F116: =DATEDIF(DATE(E116,1,1), TODAY(), "Y") -> 33 | G116: {=_xlfn.IFS(AND(F116>=21,F116<=35), "Young Adults", AND(F116>=35, F116<=45), "Senior Adullt", AND(F116>=46,F116<=65), "senior",AND(F116>=66,F116<=87),"Super Adults")} -> Young Adults | I116: 5 | J116: Gujarat | K116: West | L116: =IF(AND(I116<5,'Billing Details'!I116>10000),"High Priority","Regular Follow Up") -> Regular Follow Up | M116: =IF(AND(L116="High Priority",'Patient Health Records'!U116="Critical",'Patient Health Records'!T116="Yes"),"Needs Attention",IF(AND('Patient Health Records'!U116<> "Critical",'Patient Health Records'!T116="Yes"),"Monitor Later",IF(AND('Patient Health Records'!U116="Critical",'Patient Health Records'!T116="No"),"Ask for Readmission","No Action"))) -> No Action
A117: PID0116 | B117: Krishna Priya Reddy | C117: Male | D117: 31412 | E117: =YEAR(D117) -> 1985 | F117: =DATEDIF(DATE(E117,1,1), TODAY(), "Y") -> 41 | G117: {=_xlfn.IFS(AND(F117>=21,F117<=35), "Young Adults", AND(F117>=35, F117<=45), "Senior Adullt", AND(F117>=46,F117<=65), "senior",AND(F117>=66,F117<=87),"Super Adults")} -> Senior Adullt | I117: 12 | J117: Kerala | K117: South | L117: =IF(AND(I117<5,'Billing Details'!I117>10000),"High Priority","Regular Follow Up") -> Regular Follow Up | M117: =IF(AND(L117="High Priority",'Patient Health Records'!U117="Critical",'Patient Health Records'!T117="Yes"),"Needs Attention",IF(AND('Patient Health Records'!U117<> "Critical",'Patient Health Records'!T117="Yes"),"Monitor Later",IF(AND('Patient Health Records'!U117="Critical",'Patient Health Records'!T117="No"),"Ask for Readmission","No Action"))) -> No Action
A118: PID0117 | B118: Aanya Priya Mehta | C118: Female | D118: 25203 | E118: =YEAR(D118) -> 1968 | F118: =DATEDIF(DATE(E118,1,1), TODAY(), "Y") -> 58 | G118: {=_xlfn.IFS(AND(F118>=21,F118<=35), "Young Adults", AND(F118>=35, F118<=45), "Senior Adullt", AND(F118>=46,F118<=65), "senior",AND(F118>=66,F118<=87),"Super Adults")} -> senior | I118: 7 | J118: Maharashtra | K118: West | L118: =IF(AND(I118<5,'Billing Details'!I118>10000),"High Priority","Regular Follow Up") -> Regular Follow Up | M118: =IF(AND(L118="High Priority",'Patient Health Records'!U118="Critical",'Patient Health Records'!T118="Yes"),"Needs Attention",IF(AND('Patient Health Records'!U118<> "Critical",'Patient Health Records'!T118="Yes"),"Monitor Later",IF(AND('Patient Health Records'!U118="Critical",'Patient Health Records'!T118="No"),"Ask for Readmission","No Action"))) -> No Action
A119: PID0118 | B119: Vivaan Sharma | C119: Male | D119: 19724 | E119: =YEAR(D119) -> 1953 | F119: =DATEDIF(DATE(E119,1,1), TODAY(), "Y") -> 73 | G119: {=_xlfn.IFS(AND(F119>=21,F119<=35), "Young Adults", AND(F119>=35, F119<=45), "Senior Adullt", AND(F119>=46,F119<=65), "senior",AND(F119>=66,F119<=87),"Super Adults")} -> Super Adults | I119: 7 | J119: Karnataka | K119: South | L119: =IF(AND(I119<5,'Billing Details'!I119>10000),"High Priority","Regular Follow Up") -> Regular Follow Up | M119: =IF(AND(L119="High Priority",'Patient Health Records'!U119="Critical",'Patient Health Records'!T119="Yes"),"Needs Attention",IF(AND('Patient Health Records'!U119<> "Critical",'Patient Health Records'!T119="Yes"),"Monitor Later",IF(AND('Patient Health Records'!U119="Critical",'Patient Health Records'!T119="No"),"Ask for Readmission","No Action"))) -> No Action
A120: PID0119 | B120: Diya Mehta | C120: Female | D120: 25203 | E120: =YEAR(D120) -> 1968 | F120: =DATEDIF(DATE(E120,1,1), TODAY(), "Y") -> 58 | G120: {=_xlfn.IFS(AND(F120>=21,F120<=35), "Young Adults", AND(F120>=35, F120<=45), "Senior Adullt", AND(F120>=46,F120<=65), "senior",AND(F120>=66,F120<=87),"Super Adults")} -> senior | I120: 7 | J120: West Bengal | K120: East | L120: =IF(AND(I120<5,'Billing Details'!I120>10000),"High Priority","Regular Follow Up") -> Regular Follow Up | M120: =IF(AND(L120="High Priority",'Patient Health Records'!U120="Critical",'Patient Health Records'!T120="Yes"),"Needs Attention",IF(AND('Patient Health Records'!U120<> "Critical",'Patient Health Records'!T120="Yes"),"Monitor Later",IF(AND('Patient Health Records'!U120="Critical",'Patient Health Records'!T120="No"),"Ask for Readmission","No Action"))) -> Monitor Later
A121: PID0120 | B121: Krishna Mehta | C121: Male | D121: 34334 | E121: =YEAR(D121) -> 1993 | F121: =DATEDIF(DATE(E121,1,1), TODAY(), "Y") -> 33 | G121: {=_xlfn.IFS(AND(F121>=21,F121<=35), "Young Adults", AND(F121>=35, F121<=45), "Senior Adullt", AND(F121>=46,F121<=65), "senior",AND(F121>=66,F121<=87),"Super Adults")} -> Young Adults | I121: 0.5 | J121: Uttar Pradesh | K121: North | L121: =IF(AND(I121<5,'Billing Details'!I121>10000),"High Priority","Regular Follow Up") -> High Priority | M121: =IF(AND(L121="High Priority",'Patient Health Records'!U121="Critical",'Patient Health Records'!T121="Yes"),"Needs Attention",IF(AND('Patient Health Records'!U121<> "Critical",'Patient Health Records'!T121="Yes"),"Monitor Later",IF(AND('Patient Health Records'!U121="Critical",'Patient Health Records'!T121="No"),"Ask for Readmission","No Action"))) -> No Action
A122: PID0121 | B122: Krishna Mehta | C122: Male | D122: 34334 | E122: =YEAR(D122) -> 1993 | F122: =DATEDIF(DATE(E122,1,1), TODAY(), "Y") -> 33 | G122: {=_xlfn.IFS(AND(F122>=21,F122<=35), "Young Adults", AND(F122>=35, F122<=45), "Senior Adullt", AND(F122>=46,F122<=65), "senior",AND(F122>=66,F122<=87),"Super Adults")} -> Young Adults | I122: 150 | J122: Maharashtra | K122: West | L122: =IF(AND(I122<5,'Billing Details'!I122>10000),"High Priority","Regular Follow Up") -> Regular Follow Up | M122: =IF(AND(L122="High Priority",'Patient Health Records'!U122="Critical",'Patient Health Records'!T122="Yes"),"Needs Attention",IF(AND('Patient Health Records'!U122<> "Critical",'Patient Health Records'!T122="Yes"),"Monitor Later",IF(AND('Patient Health Records'!U122="Critical",'Patient Health Records'!T122="No"),"Ask for Readmission","No Action"))) -> Monitor Later
A123: PID0122 | B123: Diya Sharma | C123: Female | D123: 21550 | E123: =YEAR(D123) -> 1958 | F123: =DATEDIF(DATE(E123,1,1), TODAY(), "Y") -> 68 | G123: {=_xlfn.IFS(AND(F123>=21,F123<=35), "Young Adults", AND(F123>=35, F123<=45), "Senior Adullt", AND(F123>=46,F123<=65), "senior",AND(F123>=66,F123<=87),"Super Adults")} -> Super Adults | I123: 3 | J123: Karnataka | K123: South | L123: =IF(AND(I123<5,'Billing Details'!I123>10000),"High Priority","Regular Follow Up") -> High Priority | M123: =IF(AND(L123="High Priority",'Patient Health Records'!U123="Critical",'Patient Health Records'!T123="Yes"),"Needs Attention",IF(AND('Patient Health Records'!U123<> "Critical",'Patient Health Records'!T123="Yes"),"Monitor Later",IF(AND('Patient Health Records'!U123="Critical",'Patient Health Records'!T123="No"),"Ask for Readmission","No Action"))) -> Needs Attention
A124: PID0123 | B124: Isha Reddy | C124: Female | D124: 34334 | E124: =YEAR(D124) -> 1993 | F124: =DATEDIF(DATE(E124,1,1), TODAY(), "Y") -> 33 | G124: {=_xlfn.IFS(AND(F124>=21,F124<=35), "Young Adults", AND(F124>=35, F124<=45), "Senior Adullt", AND(F124>=46,F124<=65), "senior",AND(F124>=66,F124<=87),"Super Adults")} -> Young Adults | I124: 20 | J124: Karnataka | K124: South | L124: =IF(AND(I124<5,'Billing Details'!I124>10000),"High Priority","Regular Follow Up") -> Regular Follow Up | M124: =IF(AND(L124="High Priority",'Patient Health Records'!U124="Critical",'Patient Health Records'!T124="Yes"),"Needs Attention",IF(AND('Patient Health Records'!U124<> "Critical",'Patient Health Records'!T124="Yes"),"Monitor Later",IF(AND('Patient Health Records'!U124="Critical",'Patient Health Records'!T124="No"),"Ask for Readmission","No Action"))) -> Monitor Later
... A188: PID0187 | B188: Diya Dev Gupta | C188: Female | D188: 32508 | E188: =YEAR(D188) -> 1988 | F188: =DATEDIF(DATE(E188,1,1), TODAY(), "Y") -> 38 | G188: {=_xlfn.IFS(AND(F188>=21,F188<=35), "Young Adults", AND(F188>=35, F188<=45), "Senior Adullt", AND(F188>=46,F188<=65), "senior",AND(F188>=66,F188<=87),"Super Adults")} -> Senior Adullt | I188: 4 | J188: Tamil Nadu | K188: South | L188: =IF(AND(I188<5,'Billing Details'!I188>10000),"High Priority","Regular Follow Up") -> Regular Follow Up | M188: =IF(AND(L188="High Priority",'Patient Health Records'!U188="Critical",'Patient Health Records'!T188="Yes"),"Needs Attention",IF(AND('Patient Health Records'!U188<> "Critical",'Patient Health Records'!T188="Yes"),"Monitor Later",IF(AND('Patient Health Records'!U188="Critical",'Patient Health Records'!T188="No"),"Ask for Readmission","No Action"))) -> Monitor Later
A189: PID0188 | B189: Aarav Gupta | C189: Male | D189: 32508 | E189: =YEAR(D189) -> 1988 | F189: =DATEDIF(DATE(E189,1,1), TODAY(), "Y") -> 38 | G189: {=_xlfn.IFS(AND(F189>=21,F189<=35), "Young Adults", AND(F189>=35, F189<=45), "Senior Adullt", AND(F189>=46,F189<=65), "senior",AND(F189>=66,F189<=87),"Super Adults")} -> Senior Adullt | J189: Punjab | K189: North | L189: =IF(AND(I189<5,'Billing Details'!I189>10000),"High Priority","Regular Follow Up") -> Regular Follow Up | M189: =IF(AND(L189="High Priority",'Patient Health Records'!U189="Critical",'Patient Health Records'!T189="Yes"),"Needs Attention",IF(AND('Patient Health Records'!U189<> "Critical",'Patient Health Records'!T189="Yes"),"Monitor Later",IF(AND('Patient Health Records'!U189="Critical",'Patient Health Records'!T189="No"),"Ask for Readmission","No Action"))) -> Monitor Later
A190: PID0189 | B190: Aarav Mehta | C190: Male | D190: 30682 | E190: =YEAR(D190) -> 1984 | F190: =DATEDIF(DATE(E190,1,1), TODAY(), "Y") -> 42 | G190: {=_xlfn.IFS(AND(F190>=21,F190<=35), "Young Adults", AND(F190>=35, F190<=45), "Senior Adullt", AND(F190>=46,F190<=65), "senior",AND(F190>=66,F190<=87),"Super Adults")} -> Senior Adullt | I190: 20 | J190: Karnataka | K190: South | L190: =IF(AND(I190<5,'Billing Details'!I190>10000),"High Priority","Regular Follow Up") -> Regular Follow Up | M190: =IF(AND(L190="High Priority",'Patient Health Records'!U190="Critical",'Patient Health Records'!T190="Yes"),"Needs Attention",IF(AND('Patient Health Records'!U190<> "Critical",'Patient Health Records'!T190="Yes"),"Monitor Later",IF(AND('Patient Health Records'!U190="Critical",'Patient Health Records'!T190="No"),"Ask for Readmission","No Action"))) -> Monitor Later
A191: PID0190 | B191: Isha Mehta | C191: Female | D191: 34699 | E191: =YEAR(D191) -> 1994 | F191: =DATEDIF(DATE(E191,1,1), TODAY(), "Y") -> 32 | G191: {=_xlfn.IFS(AND(F191>=21,F191<=35), "Young Adults", AND(F191>=35, F191<=45), "Senior Adullt", AND(F191>=46,F191<=65), "senior",AND(F191>=66,F191<=87),"Super Adults")} -> Young Adults | I191: 30 | J191: Punjab | K191: North | L191: =IF(AND(I191<5,'Billing Details'!I191>10000),"High Priority","Regular Follow Up") -> Regular Follow Up | M191: =IF(AND(L191="High Priority",'Patient Health Records'!U191="Critical",'Patient Health Records'!T191="Yes"),"Needs Attention",IF(AND('Patient Health Records'!U191<> "Critical",'Patient Health Records'!T191="Yes"),"Monitor Later",IF(AND('Patient Health Records'!U191="Critical",'Patient Health Records'!T191="No"),"Ask for Readmission","No Action"))) -> No Action
A192: PID0191 | B192: Riya Gupta | C192: Female | D192: 31412 | E192: =YEAR(D192) -> 1985 | F192: =DATEDIF(DATE(E192,1,1), TODAY(), "Y") -> 41 | G192: {=_xlfn.IFS(AND(F192>=21,F192<=35), "Young Adults", AND(F192>=35, F192<=45), "Senior Adullt", AND(F192>=46,F192<=65), "senior",AND(F192>=66,F192<=87),"Super Adults")} -> Senior Adullt | I192: 9 | J192: Punjab | K192: North | L192: =IF(AND(I192<5,'Billing Details'!I192>10000),"High Priority","Regular Follow Up") -> Regular Follow Up | M192: =IF(AND(L192="High Priority",'Patient Health Records'!U192="Critical",'Patient Health Records'!T192="Yes"),"Needs Attention",IF(AND('Patient Health Records'!U192<> "Critical",'Patient Health Records'!T192="Yes"),"Monitor Later",IF(AND('Patient Health Records'!U192="Critical",'Patient Health Records'!T192="No"),"Ask for Readmission","No Action"))) -> No Action
A193: PID0192 | B193: Diya Patel | C193: Female | D193: 32508 | E193: =YEAR(D193) -> 1988 | F193: =DATEDIF(DATE(E193,1,1), TODAY(), "Y") -> 38 | G193: {=_xlfn.IFS(AND(F193>=21,F193<=35), "Young Adults", AND(F193>=35, F193<=45), "Senior Adullt", AND(F193>=46,F193<=65), "senior",AND(F193>=66,F193<=87),"Super Adults")} -> Senior Adullt | I193: 4 | J193: Uttar Pradesh | K193: North | L193: =IF(AND(I193<5,'Billing Details'!I193>10000),"High Priority","Regular Follow Up") -> Regular Follow Up | M193: =IF(AND(L193="High Priority",'Patient Health Records'!U193="Critical",'Patient Health Records'!T193="Yes"),"Needs Attention",IF(AND('Patient Health Records'!U193<> "Critical",'Patient Health Records'!T193="Yes"),"Monitor Later",IF(AND('Patient Health Records'!U193="Critical",'Patient Health Records'!T193="No"),"Ask for Readmission","No Action"))) -> No Action
A194: PID0193 | B194: Isha Patel | C194: Female | D194: 28855 | E194: =YEAR(D194) -> 1978 | F194: =DATEDIF(DATE(E194,1,1), TODAY(), "Y") -> 48 | G194: {=_xlfn.IFS(AND(F194>=21,F194<=35), "Young Adults", AND(F194>=35, F194<=45), "Senior Adullt", AND(F194>=46,F194<=65), "senior",AND(F194>=66,F194<=87),"Super Adults")} -> senior | I194: 15 | J194: Punjab | K194: North | L194: =IF(AND(I194<5,'Billing Details'!I194>10000),"High Priority","Regular Follow Up") -> Regular Follow Up | M194: =IF(AND(L194="High Priority",'Patient Health Records'!U194="Critical",'Patient Health Records'!T194="Yes"),"Needs Attention",IF(AND('Patient Health Records'!U194<> "Critical",'Patient Health Records'!T194="Yes"),"Monitor Later",IF(AND('Patient Health Records'!U194="Critical",'Patient Health Records'!T194="No"),"Ask for Readmission","No Action"))) -> Monitor Later
A195: PID0194 | B195: Aanya Reddy | C195: Female | D195: 25203 | E195: =YEAR(D195) -> 1968 | F195: =DATEDIF(DATE(E195,1,1), TODAY(), "Y") -> 58 | G195: {=_xlfn.IFS(AND(F195>=21,F195<=35), "Young Adults", AND(F195>=35, F195<=45), "Senior Adullt", AND(F195>=46,F195<=65), "senior",AND(F195>=66,F195<=87),"Super Adults")} -> senior | I195: 5 | J195: Gujarat | K195: West | L195: =IF(AND(I195<5,'Billing Details'!I195>10000),"High Priority","Regular Follow Up") -> Regular Follow Up | M195: =IF(AND(L195="High Priority",'Patient Health Records'!U195="Critical",'Patient Health Records'!T195="Yes"),"Needs Attention",IF(AND('Patient Health Records'!U195<> "Critical",'Patient Health Records'!T195="Yes"),"Monitor Later",IF(AND('Patient Health Records'!U195="Critical",'Patient Health Records'!T195="No"),"Ask for Readmission","No Action"))) -> Monitor Later
A196: PID0195 | B196: Krishna Raj Patel | C196: Male | D196: 23377 | E196: =YEAR(D196) -> 1964 | F196: =DATEDIF(DATE(E196,1,1), TODAY(), "Y") -> 62 | G196: {=_xlfn.IFS(AND(F196>=21,F196<=35), "Young Adults", AND(F196>=35, F196<=45), "Senior Adullt", AND(F196>=46,F196<=65), "senior",AND(F196>=66,F196<=87),"Super Adults")} -> senior | I196: 12 | J196: Maharashtra | K196: West | L196: =IF(AND(I196<5,'Billing Details'!I196>10000),"High Priority","Regular Follow Up") -> Regular Follow Up | M196: =IF(AND(L196="High Priority",'Patient Health Records'!U196="Critical",'Patient Health Records'!T196="Yes"),"Needs Attention",IF(AND('Patient Health Records'!U196<> "Critical",'Patient Health Records'!T196="Yes"),"Monitor Later",IF(AND('Patient Health Records'!U196="Critical",'Patient Health Records'!T196="No"),"Ask for Readmission","No Action"))) -> No Action
A197: PID0196 | B197: Aarav Mehta | C197: Male | D197: 29951 | E197: =YEAR(D197) -> 1981 | F197: =DATEDIF(DATE(E197,1,1), TODAY(), "Y") -> 45 | G197: {=_xlfn.IFS(AND(F197>=21,F197<=35), "Young Adults", AND(F197>=35, F197<=45), "Senior Adullt", AND(F197>=46,F197<=65), "senior",AND(F197>=66,F197<=87),"Super Adults")} -> Senior Adullt | I197: 20 | J197: Maharashtra | K197: West | L197: =IF(AND(I197<5,'Billing Details'!I197>10000),"High Priority","Regular Follow Up") -> Regular Follow Up | M197: =IF(AND(L197="High Priority",'Patient Health Records'!U197="Critical",'Patient Health Records'!T197="Yes"),"Needs Attention",IF(AND('Patient Health Records'!U197<> "Critical",'Patient Health Records'!T197="Yes"),"Monitor Later",IF(AND('Patient Health Records'!U197="Critical",'Patient Health Records'!T197="No"),"Ask for Readmission","No Action"))) -> No Action
A198: PID0197 | B198: Diya Sharma | C198: Female | D198: 32508 | E198: =YEAR(D198) -> 1988 | F198: =DATEDIF(DATE(E198,1,1), TODAY(), "Y") -> 38 | G198: {=_xlfn.IFS(AND(F198>=21,F198<=35), "Young Adults", AND(F198>=35, F198<=45), "Senior Adullt", AND(F198>=46,F198<=65), "senior",AND(F198>=66,F198<=87),"Super Adults")} -> Senior Adullt | I198: 9 | J198: Maharashtra | K198: West | L198: =IF(AND(I198<5,'Billing Details'!I198>10000),"High Priority","Regular Follow Up") -> Regular Follow Up | M198: =IF(AND(L198="High Priority",'Patient Health Records'!U198="Critical",'Patient Health Records'!T198="Yes"),"Needs Attention",IF(AND('Patient Health Records'!U198<> "Critical",'Patient Health Records'!T198="Yes"),"Monitor Later",IF(AND('Patient Health Records'!U198="Critical",'Patient Health Records'!T198="No"),"Ask for Readmission","No Action"))) -> No Action
A199: PID0198 | B199: Isha Priya Sharma | C199: Female | D199: 34334 | E199: =YEAR(D199) -> 1993 | F199: =DATEDIF(DATE(E199,1,1), TODAY(), "Y") -> 33 | G199: {=_xlfn.IFS(AND(F199>=21,F199<=35), "Young Adults", AND(F199>=35, F199<=45), "Senior Adullt", AND(F199>=46,F199<=65), "senior",AND(F199>=66,F199<=87),"Super Adults")} -> Young Adults | I199: 15 | J199: Punjab | K199: North | L199: =IF(AND(I199<5,'Billing Details'!I199>10000),"High Priority","Regular Follow Up") -> Regular Follow Up | M199: =IF(AND(L199="High Priority",'Patient Health Records'!U199="Critical",'Patient Health Records'!T199="Yes"),"Needs Attention",IF(AND('Patient Health Records'!U199<> "Critical",'Patient Health Records'!T199="Yes"),"Monitor Later",IF(AND('Patient Health Records'!U199="Critical",'Patient Health Records'!T199="No"),"Ask for Readmission","No Action"))) -> Monitor Later
A200: PID0199 | B200: Krishna Priya Reddy | C200: Male | D200: 23377 | E200: =YEAR(D200) -> 1964 | F200: =DATEDIF(DATE(E200,1,1), TODAY(), "Y") -> 62 | G200: {=_xlfn.IFS(AND(F200>=21,F200<=35), "Young Adults", AND(F200>=35, F200<=45), "Senior Adullt", AND(F200>=46,F200<=65), "senior",AND(F200>=66,F200<=87),"Super Adults")} -> senior | I200: 30 | J200: Karnataka | K200: South | L200: =IF(AND(I200<5,'Billing Details'!I200>10000),"High Priority","Regular Follow Up") -> Regular Follow Up | M200: =IF(AND(L200="High Priority",'Patient Health Records'!U200="Critical",'Patient Health Records'!T200="Yes"),"Needs Attention",IF(AND('Patient Health Records'!U200<> "Critical",'Patient Health Records'!T200="Yes"),"Monitor Later",IF(AND('Patient Health Records'!U200="Critical",'Patient Health Records'!T200="No"),"Ask for Readmission","No Action"))) -> Ask for Readmission
A201: PID0200 | B201: Isha Sharma | C201: Female | D201: 28855 | E201: =YEAR(D201) -> 1978 | F201: =DATEDIF(DATE(E201,1,1), TODAY(), "Y") -> 48 | G201: {=_xlfn.IFS(AND(F201>=21,F201<=35), "Young Adults", AND(F201>=35, F201<=45), "Senior Adullt", AND(F201>=46,F201<=65), "senior",AND(F201>=66,F201<=87),"Super Adults")} -> senior | I201: 0.5 | J201: Uttar Pradesh | K201: North | L201: =IF(AND(I201<5,'Billing Details'!I201>10000),"High Priority","Regular Follow Up") -> Regular Follow Up | M201: =IF(AND(L201="High Priority",'Patient Health Records'!U201="Critical",'Patient Health Records'!T201="Yes"),"Needs Attention",IF(AND('Patient Health Records'!U201<> "Critical",'Patient Health Records'!T201="Yes"),"Monitor Later",IF(AND('Patient Health Records'!U201="Critical",'Patient Health Records'!T201="No"),"Ask for Readmission","No Action"))) -> Monitor Later
... A222: PID0221 | B222: Aanya Kumar Reddy | C222: Female | D222: 30682 | E222: =YEAR(D222) -> 1984 | F222: =DATEDIF(DATE(E222,1,1), TODAY(), "Y") -> 42 | G222: {=_xlfn.IFS(AND(F222>=21,F222<=35), "Young Adults", AND(F222>=35, F222<=45), "Senior Adullt", AND(F222>=46,F222<=65), "senior",AND(F222>=66,F222<=87),"Super Adults")} -> Senior Adullt | I222: 30 | J222: Karnataka | K222: South | L222: =IF(AND(I222<5,'Billing Details'!I222>10000),"High Priority","Regular Follow Up") -> Regular Follow Up | M222: =IF(AND(L222="High Priority",'Patient Health Records'!U222="Critical",'Patient Health Records'!T222="Yes"),"Needs Attention",IF(AND('Patient Health Records'!U222<> "Critical",'Patient Health Records'!T222="Yes"),"Monitor Later",IF(AND('Patient Health Records'!U222="Critical",'Patient Health Records'!T222="No"),"Ask for Readmission","No Action"))) -> Monitor Later
A223: PID0222 | B223: Isha Singh Patel | C223: Female | D223: 31412 | E223: =YEAR(D223) -> 1985 | F223: =DATEDIF(DATE(E223,1,1), TODAY(), "Y") -> 41 | G223: {=_xlfn.IFS(AND(F223>=21,F223<=35), "Young Adults", AND(F223>=35, F223<=45), "Senior Adullt", AND(F223>=46,F223<=65), "senior",AND(F223>=66,F223<=87),"Super Adults")} -> Senior Adullt | J223: West Bengal | K223: East | L223: =IF(AND(I223<5,'Billing Details'!I223>10000),"High Priority","Regular Follow Up") -> Regular Follow Up | M223: =IF(AND(L223="High Priority",'Patient Health Records'!U223="Critical",'Patient Health Records'!T223="Yes"),"Needs Attention",IF(AND('Patient Health Records'!U223<> "Critical",'Patient Health Records'!T223="Yes"),"Monitor Later",IF(AND('Patient Health Records'!U223="Critical",'Patient Health Records'!T223="No"),"Ask for Readmission","No Action"))) -> No Action
A224: PID0223 | B224: Aanya Dev Sharma | C224: Female | D224: 23377 | E224: =YEAR(D224) -> 1964 | F224: =DATEDIF(DATE(E224,1,1), TODAY(), "Y") -> 62 | G224: {=_xlfn.IFS(AND(F224>=21,F224<=35), "Young Adults", AND(F224>=35, F224<=45), "Senior Adullt", AND(F224>=46,F224<=65), "senior",AND(F224>=66,F224<=87),"Super Adults")} -> senior | I224: 4 | J224: West Bengal | K224: East | L224: =IF(AND(I224<5,'Billing Details'!I224>10000),"High Priority","Regular Follow Up") -> High Priority | M224: =IF(AND(L224="High Priority",'Patient Health Records'!U224="Critical",'Patient Health Records'!T224="Yes"),"Needs Attention",IF(AND('Patient Health Records'!U224<> "Critical",'Patient Health Records'!T224="Yes"),"Monitor Later",IF(AND('Patient Health Records'!U224="Critical",'Patient Health Records'!T224="No"),"Ask for Readmission","No Action"))) -> Ask for Readmission
A225: PID0224 | B225: Vivaan Sharma | C225: Male | D225: 30682 | E225: =YEAR(D225) -> 1984 | F225: =DATEDIF(DATE(E225,1,1), TODAY(), "Y") -> 42 | G225: {=_xlfn.IFS(AND(F225>=21,F225<=35), "Young Adults", AND(F225>=35, F225<=45), "Senior Adullt", AND(F225>=46,F225<=65), "senior",AND(F225>=66,F225<=87),"Super Adults")} -> Senior Adullt | I225: 9 | J225: Maharashtra | K225: West | L225: =IF(AND(I225<5,'Billing Details'!I225>10000),"High Priority","Regular Follow Up") -> Regular Follow Up | M225: =IF(AND(L225="High Priority",'Patient Health Records'!U225="Critical",'Patient Health Records'!T225="Yes"),"Needs Attention",IF(AND('Patient Health Records'!U225<> "Critical",'Patient Health Records'!T225="Yes"),"Monitor Later",IF(AND('Patient Health Records'!U225="Critical",'Patient Health Records'!T225="No"),"Ask for Readmission","No Action"))) -> Monitor Later
A226: PID0225 | B226: Sai Patel | C226: Male | D226: 27029 | E226: =YEAR(D226) -> 1973 | F226: =DATEDIF(DATE(E226,1,1), TODAY(), "Y") -> 53 | G226: {=_xlfn.IFS(AND(F226>=21,F226<=35), "Young Adults", AND(F226>=35, F226<=45), "Senior Adullt", AND(F226>=46,F226<=65), "senior",AND(F226>=66,F226<=87),"Super Adults")} -> senior | I226: 2 | J226: Uttar Pradesh | K226: North | L226: =IF(AND(I226<5,'Billing Details'!I226>10000),"High Priority","Regular Follow Up") -> High Priority | M226: =IF(AND(L226="High Priority",'Patient Health Records'!U226="Critical",'Patient Health Records'!T226="Yes"),"Needs Attention",IF(AND('Patient Health Records'!U226<> "Critical",'Patient Health Records'!T226="Yes"),"Monitor Later",IF(AND('Patient Health Records'!U226="Critical",'Patient Health Records'!T226="No"),"Ask for Readmission","No Action"))) -> Monitor Later
A227: PID0226 | B227: Vivaan Sharma | C227: Male | D227: 27029 | E227: =YEAR(D227) -> 1973 | F227: =DATEDIF(DATE(E227,1,1), TODAY(), "Y") -> 53 | G227: {=_xlfn.IFS(AND(F227>=21,F227<=35), "Young Adults", AND(F227>=35, F227<=45), "Senior Adullt", AND(F227>=46,F227<=65), "senior",AND(F227>=66,F227<=87),"Super Adults")} -> senior | I227: 30 | J227: Kerala | K227: South | L227: =IF(AND(I227<5,'Billing Details'!I227>10000),"High Priority","Regular Follow Up") -> Regular Follow Up | M227: =IF(AND(L227="High Priority",'Patient Health Records'!U227="Critical",'Patient Health Records'!T227="Yes"),"Needs Attention",IF(AND('Patient Health Records'!U227<> "Critical",'Patient Health Records'!T227="Yes"),"Monitor Later",IF(AND('Patient Health Records'!U227="Critical",'Patient Health Records'!T227="No"),"Ask for Readmission","No Action"))) -> No Action
A228: PID0227 | B228: Sai Kumar Mehta | C228: Male | D228: 23377 | E228: =YEAR(D228) -> 1964 | F228: =DATEDIF(DATE(E228,1,1), TODAY(), "Y") -> 62 | G228: {=_xlfn.IFS(AND(F228>=21,F228<=35), "Young Adults", AND(F228>=35, F228<=45), "Senior Adullt", AND(F228>=46,F228<=65), "senior",AND(F228>=66,F228<=87),"Super Adults")} -> senior | I228: 25 | J228: Kerala | K228: South | L228: =IF(AND(I228<5,'Billing Details'!I228>10000),"High Priority","Regular Follow Up") -> Regular Follow Up | M228: =IF(AND(L228="High Priority",'Patient Health Records'!U228="Critical",'Patient Health Records'!T228="Yes"),"Needs Attention",IF(AND('Patient Health Records'!U228<> "Critical",'Patient Health Records'!T228="Yes"),"Monitor Later",IF(AND('Patient Health Records'!U228="Critical",'Patient Health Records'!T228="No"),"Ask for Readmission","No Action"))) -> No Action
A229: PID0228 | B229: Riya Raj Gupta | C229: Female | D229: 33604 | E229: =YEAR(D229) -> 1992 | F229: =DATEDIF(DATE(E229,1,1), TODAY(), "Y") -> 34 | G229: {=_xlfn.IFS(AND(F229>=21,F229<=35), "Young Adults", AND(F229>=35, F229<=45), "Senior Adullt", AND(F229>=46,F229<=65), "senior",AND(F229>=66,F229<=87),"Super Adults")} -> Young Adults | I229: 150 | J229: Gujarat | K229: West | L229: =IF(AND(I229<5,'Billing Details'!I229>10000),"High Priority","Regular Follow Up") -> Regular Follow Up | M229: =IF(AND(L229="High Priority",'Patient Health Records'!U229="Critical",'Patient Health Records'!T229="Yes"),"Needs Attention",IF(AND('Patient Health Records'!U229<> "Critical",'Patient Health Records'!T229="Yes"),"Monitor Later",IF(AND('Patient Health Records'!U229="Critical",'Patient Health Records'!T229="No"),"Ask for Readmission","No Action"))) -> No Action
A230: PID0229 | B230: Isha Raj Sharma | C230: Female | D230: 28855 | E230: =YEAR(D230) -> 1978 | F230: =DATEDIF(DATE(E230,1,1), TODAY(), "Y") -> 48 | G230: {=_xlfn.IFS(AND(F230>=21,F230<=35), "Young Adults", AND(F230>=35, F230<=45), "Senior Adullt", AND(F230>=46,F230<=65), "senior",AND(F230>=66,F230<=87),"Super Adults")} -> senior | I230: 15 | J230: Punjab | K230: North | L230: =IF(AND(I230<5,'Billing Details'!I230>10000),"High Priority","Regular Follow Up") -> Regular Follow Up | M230: =IF(AND(L230="High Priority",'Patient Health Records'!U230="Critical",'Patient Health Records'!T230="Yes"),"Needs Attention",IF(AND('Patient Health Records'!U230<> "Critical",'Patient Health Records'!T230="Yes"),"Monitor Later",IF(AND('Patient Health Records'!U230="Critical",'Patient Health Records'!T230="No"),"Ask for Readmission","No Action"))) -> No Action
A231: PID0230 | B231: Isha Raj Gupta | C231: Female | D231: 19724 | E231: =YEAR(D231) -> 1953 | F231: =DATEDIF(DATE(E231,1,1), TODAY(), "Y") -> 73 | G231: {=_xlfn.IFS(AND(F231>=21,F231<=35), "Young Adults", AND(F231>=35, F231<=45), "Senior Adullt", AND(F231>=46,F231<=65), "senior",AND(F231>=66,F231<=87),"Super Adults")} -> Super Adults | I231: 70 | J231: Gujarat | K231: West | L231: =IF(AND(I231<5,'Billing Details'!I231>10000),"High Priority","Regular Follow Up") -> Regular Follow Up | M231: =IF(AND(L231="High Priority",'Patient Health Records'!U231="Critical",'Patient Health Records'!T231="Yes"),"Needs Attention",IF(AND('Patient Health Records'!U231<> "Critical",'Patient Health Records'!T231="Yes"),"Monitor Later",IF(AND('Patient Health Records'!U231="Critical",'Patient Health Records'!T231="No"),"Ask for Readmission","No Action"))) -> No Action
A232: PID0231 | B232: Shreya Mehta | C232: Female | D232: 32508 | E232: =YEAR(D232) -> 1988 | F232: =DATEDIF(DATE(E232,1,1), TODAY(), "Y") -> 38 | G232: {=_xlfn.IFS(AND(F232>=21,F232<=35), "Young Adults", AND(F232>=35, F232<=45), "Senior Adullt", AND(F232>=46,F232<=65), "senior",AND(F232>=66,F232<=87),"Super Adults")} -> Senior Adullt | I232: 300 | J232: Gujarat | K232: West | L232: =IF(AND(I232<5,'Billing Details'!I232>10000),"High Priority","Regular Follow Up") -> Regular Follow Up | M232: =IF(AND(L232="High Priority",'Patient Health Records'!U232="Critical",'Patient Health Records'!T232="Yes"),"Needs Attention",IF(AND('Patient Health Records'!U232<> "Critical",'Patient Health Records'!T232="Yes"),"Monitor Later",IF(AND('Patient Health Records'!U232="Critical",'Patient Health Records'!T232="No"),"Ask for Readmission","No Action"))) -> No Action
A233: PID0232 | B233: Krishna Sharma | C233: Male | D233: 23377 | E233: =YEAR(D233) -> 1964 | F233: =DATEDIF(DATE(E233,1,1), TODAY(), "Y") -> 62 | G233: {=_xlfn.IFS(AND(F233>=21,F233<=35), "Young Adults", AND(F233>=35, F233<=45), "Senior Adullt", AND(F233>=46,F233<=65), "senior",AND(F233>=66,F233<=87),"Super Adults")} -> senior | I233: 7 | J233: Gujarat | K233: West | L233: =IF(AND(I233<5,'Billing Details'!I233>10000),"High Priority","Regular Follow Up") -> Regular Follow Up | M233: =IF(AND(L233="High Priority",'Patient Health Records'!U233="Critical",'Patient Health Records'!T233="Yes"),"Needs Attention",IF(AND('Patient Health Records'!U233<> "Critical",'Patient Health Records'!T233="Yes"),"Monitor Later",IF(AND('Patient Health Records'!U233="Critical",'Patient Health Records'!T233="No"),"Ask for Readmission","No Action"))) -> No Action
A234: PID0233 | B234: Isha Sharma | C234: Female | D234: 30682 | E234: =YEAR(D234) -> 1984 | F234: =DATEDIF(DATE(E234,1,1), TODAY(), "Y") -> 42 | G234: {=_xlfn.IFS(AND(F234>=21,F234<=35), "Young Adults", AND(F234>=35, F234<=45), "Senior Adullt", AND(F234>=46,F234<=65), "senior",AND(F234>=66,F234<=87),"Super Adults")} -> Senior Adullt | I234: 5 | J234: Tamil Nadu | K234: South | L234: =IF(AND(I234<5,'Billing Details'!I234>10000),"High Priority","Regular Follow Up") -> Regular Follow Up | M234: =IF(AND(L234="High Priority",'Patient Health Records'!U234="Critical",'Patient Health Records'!T234="Yes"),"Needs Attention",IF(AND('Patient Health Records'!U234<> "Critical",'Patient Health Records'!T234="Yes"),"Monitor Later",IF(AND('Patient Health Records'!U234="Critical",'Patient Health Records'!T234="No"),"Ask for Readmission","No Action"))) -> No Action
A235: PID0234 | B235: Shreya Patel | C235: Female | D235: 35065 | E235: =YEAR(D235) -> 1996 | F235: =DATEDIF(DATE(E235,1,1), TODAY(), "Y") -> 30 | G235: {=_xlfn.IFS(AND(F235>=21,F235<=35), "Young Adults", AND(F235>=35, F235<=45), "Senior Adullt", AND(F235>=46,F235<=65), "senior",AND(F235>=66,F235<=87),"Super Adults")} -> Young Adults | I235: 0.5 | J235: Uttar Pradesh | K235: North | L235: =IF(AND(I235<5,'Billing Details'!I235>10000),"High Priority","Regular Follow Up") -> Regular Follow Up | M235: =IF(AND(L235="High Priority",'Patient Health Records'!U235="Critical",'Patient Health Records'!T235="Yes"),"Needs Attention",IF(AND('Patient Health Records'!U235<> "Critical",'Patient Health Records'!T235="Yes"),"Monitor Later",IF(AND('Patient Health Records'!U235="Critical",'Patient Health Records'!T235="No"),"Ask for Readmission","No Action"))) -> Ask for Readmission
... A287: PID0286 | B287: Aditya Mehta | C287: Male | D287: 28855 | E287: =YEAR(D287) -> 1978 | F287: =DATEDIF(DATE(E287,1,1), TODAY(), "Y") -> 48 | G287: {=_xlfn.IFS(AND(F287>=21,F287<=35), "Young Adults", AND(F287>=35, F287<=45), "Senior Adullt", AND(F287>=46,F287<=65), "senior",AND(F287>=66,F287<=87),"Super Adults")} -> senior | I287: 9 | J287: Punjab | K287: North | L287: =IF(AND(I287<5,'Billing Details'!I287>10000),"High Priority","Regular Follow Up") -> Regular Follow Up | M287: =IF(AND(L287="High Priority",'Patient Health Records'!U287="Critical",'Patient Health Records'!T287="Yes"),"Needs Attention",IF(AND('Patient Health Records'!U287<> "Critical",'Patient Health Records'!T287="Yes"),"Monitor Later",IF(AND('Patient Health Records'!U287="Critical",'Patient Health Records'!T287="No"),"Ask for Readmission","No Action"))) -> Monitor Later
A288: PID0287 | B288: Aanya Gupta | C288: Female | D288: 34334 | E288: =YEAR(D288) -> 1993 | F288: =DATEDIF(DATE(E288,1,1), TODAY(), "Y") -> 33 | G288: {=_xlfn.IFS(AND(F288>=21,F288<=35), "Young Adults", AND(F288>=35, F288<=45), "Senior Adullt", AND(F288>=46,F288<=65), "senior",AND(F288>=66,F288<=87),"Super Adults")} -> Young Adults | J288: Kerala | K288: South | L288: =IF(AND(I288<5,'Billing Details'!I288>10000),"High Priority","Regular Follow Up") -> Regular Follow Up | M288: =IF(AND(L288="High Priority",'Patient Health Records'!U288="Critical",'Patient Health Records'!T288="Yes"),"Needs Attention",IF(AND('Patient Health Records'!U288<> "Critical",'Patient Health Records'!T288="Yes"),"Monitor Later",IF(AND('Patient Health Records'!U288="Critical",'Patient Health Records'!T288="No"),"Ask for Readmission","No Action"))) -> Ask for Readmission
A289: PID0288 | B289: Shreya Sharma | C289: Female | D289: 35065 | E289: =YEAR(D289) -> 1996 | F289: =DATEDIF(DATE(E289,1,1), TODAY(), "Y") -> 30 | G289: {=_xlfn.IFS(AND(F289>=21,F289<=35), "Young Adults", AND(F289>=35, F289<=45), "Senior Adullt", AND(F289>=46,F289<=65), "senior",AND(F289>=66,F289<=87),"Super Adults")} -> Young Adults | I289: 15 | J289: Gujarat | K289: West | L289: =IF(AND(I289<5,'Billing Details'!I289>10000),"High Priority","Regular Follow Up") -> Regular Follow Up | M289: =IF(AND(L289="High Priority",'Patient Health Records'!U289="Critical",'Patient Health Records'!T289="Yes"),"Needs Attention",IF(AND('Patient Health Records'!U289<> "Critical",'Patient Health Records'!T289="Yes"),"Monitor Later",IF(AND('Patient Health Records'!U289="Critical",'Patient Health Records'!T289="No"),"Ask for Readmission","No Action"))) -> No Action
A290: PID0289 | B290: Diya Mehta | C290: Female | D290: 36160 | E290: =YEAR(D290) -> 1998 | F290: =DATEDIF(DATE(E290,1,1), TODAY(), "Y") -> 28 | G290: {=_xlfn.IFS(AND(F290>=21,F290<=35), "Young Adults", AND(F290>=35, F290<=45), "Senior Adullt", AND(F290>=46,F290<=65), "senior",AND(F290>=66,F290<=87),"Super Adults")} -> Young Adults | I290: 7 | J290: Kerala | K290: South | L290: =IF(AND(I290<5,'Billing Details'!I290>10000),"High Priority","Regular Follow Up") -> Regular Follow Up | M290: =IF(AND(L290="High Priority",'Patient Health Records'!U290="Critical",'Patient Health Records'!T290="Yes"),"Needs Attention",IF(AND('Patient Health Records'!U290<> "Critical",'Patient Health Records'!T290="Yes"),"Monitor Later",IF(AND('Patient Health Records'!U290="Critical",'Patient Health Records'!T290="No"),"Ask for Readmission","No Action"))) -> Ask for Readmission
A291: PID0290 | B291: Vivaan Gupta | C291: Male | D291: 27029 | E291: =YEAR(D291) -> 1973 | F291: =DATEDIF(DATE(E291,1,1), TODAY(), "Y") -> 53 | G291: {=_xlfn.IFS(AND(F291>=21,F291<=35), "Young Adults", AND(F291>=35, F291<=45), "Senior Adullt", AND(F291>=46,F291<=65), "senior",AND(F291>=66,F291<=87),"Super Adults")} -> senior | I291: 12 | J291: Gujarat | K291: West | L291: =IF(AND(I291<5,'Billing Details'!I291>10000),"High Priority","Regular Follow Up") -> Regular Follow Up | M291: =IF(AND(L291="High Priority",'Patient Health Records'!U291="Critical",'Patient Health Records'!T291="Yes"),"Needs Attention",IF(AND('Patient Health Records'!U291<> "Critical",'Patient Health Records'!T291="Yes"),"Monitor Later",IF(AND('Patient Health Records'!U291="Critical",'Patient Health Records'!T291="No"),"Ask for Readmission","No Action"))) -> No Action
A292: PID0291 | B292: Aanya Mehta | C292: Female | D292: 30682 | E292: =YEAR(D292) -> 1984 | F292: =DATEDIF(DATE(E292,1,1), TODAY(), "Y") -> 42 | G292: {=_xlfn.IFS(AND(F292>=21,F292<=35), "Young Adults", AND(F292>=35, F292<=45), "Senior Adullt", AND(F292>=46,F292<=65), "senior",AND(F292>=66,F292<=87),"Super Adults")} -> Senior Adullt | I292: 15 | J292: Kerala | K292: South | L292: =IF(AND(I292<5,'Billing Details'!I292>10000),"High Priority","Regular Follow Up") -> Regular Follow Up | M292: =IF(AND(L292="High Priority",'Patient Health Records'!U292="Critical",'Patient Health Records'!T292="Yes"),"Needs Attention",IF(AND('Patient Health Records'!U292<> "Critical",'Patient Health Records'!T292="Yes"),"Monitor Later",IF(AND('Patient Health Records'!U292="Critical",'Patient Health Records'!T292="No"),"Ask for Readmission","No Action"))) -> No Action
A293: PID0292 | B293: Krishna Raj Sharma | C293: Male | D293: 31412 | E293: =YEAR(D293) -> 1985 | F293: =DATEDIF(DATE(E293,1,1), TODAY(), "Y") -> 41 | G293: {=_xlfn.IFS(AND(F293>=21,F293<=35), "Young Adults", AND(F293>=35, F293<=45), "Senior Adullt", AND(F293>=46,F293<=65), "senior",AND(F293>=66,F293<=87),"Super Adults")} -> Senior Adullt | I293: 15 | J293: Karnataka | K293: South | L293: =IF(AND(I293<5,'Billing Details'!I293>10000),"High Priority","Regular Follow Up") -> Regular Follow Up | M293: =IF(AND(L293="High Priority",'Patient Health Records'!U293="Critical",'Patient Health Records'!T293="Yes"),"Needs Attention",IF(AND('Patient Health Records'!U293<> "Critical",'Patient Health Records'!T293="Yes"),"Monitor Later",IF(AND('Patient Health Records'!U293="Critical",'Patient Health Records'!T293="No"),"Ask for Readmission","No Action"))) -> No Action
A294: PID0293 | B294: Diya Singh Sharma | C294: Female | D294: 34334 | E294: =YEAR(D294) -> 1993 | F294: =DATEDIF(DATE(E294,1,1), TODAY(), "Y") -> 33 | G294: {=_xlfn.IFS(AND(F294>=21,F294<=35), "Young Adults", AND(F294>=35, F294<=45), "Senior Adullt", AND(F294>=46,F294<=65), "senior",AND(F294>=66,F294<=87),"Super Adults")} -> Young Adults | I294: 20 | J294: Maharashtra | K294: West | L294: =IF(AND(I294<5,'Billing Details'!I294>10000),"High Priority","Regular Follow Up") -> Regular Follow Up | M294: =IF(AND(L294="High Priority",'Patient Health Records'!U294="Critical",'Patient Health Records'!T294="Yes"),"Needs Attention",IF(AND('Patient Health Records'!U294<> "Critical",'Patient Health Records'!T294="Yes"),"Monitor Later",IF(AND('Patient Health Records'!U294="Critical",'Patient Health Records'!T294="No"),"Ask for Readmission","No Action"))) -> No Action
A295: PID0294 | B295: Riya Mehta | C295: Female | D295: 34334 | E295: =YEAR(D295) -> 1993 | F295: =DATEDIF(DATE(E295,1,1), TODAY(), "Y") -> 33 | G295: {=_xlfn.IFS(AND(F295>=21,F295<=35), "Young Adults", AND(F295>=35, F295<=45), "Senior Adullt", AND(F295>=46,F295<=65), "senior",AND(F295>=66,F295<=87),"Super Adults")} -> Young Adults | I295: 15 | J295: West Bengal | K295: East | L295: =IF(AND(I295<5,'Billing Details'!I295>10000),"High Priority","Regular Follow Up") -> Regular Follow Up | M295: =IF(AND(L295="High Priority",'Patient Health Records'!U295="Critical",'Patient Health Records'!T295="Yes"),"Needs Attention",IF(AND('Patient Health Records'!U295<> "Critical",'Patient Health Records'!T295="Yes"),"Monitor Later",IF(AND('Patient Health Records'!U295="Critical",'Patient Health Records'!T295="No"),"Ask for Readmission","No Action"))) -> No Action
A296: PID0295 | B296: Vivaan Dev Gupta | C296: Male | D296: 33969 | E296: =YEAR(D296) -> 1992 | F296: =DATEDIF(DATE(E296,1,1), TODAY(), "Y") -> 34 | G296: {=_xlfn.IFS(AND(F296>=21,F296<=35), "Young Adults", AND(F296>=35, F296<=45), "Senior Adullt", AND(F296>=46,F296<=65), "senior",AND(F296>=66,F296<=87),"Super Adults")} -> Young Adults | I296: 9 | J296: Karnataka | K296: South | L296: =IF(AND(I296<5,'Billing Details'!I296>10000),"High Priority","Regular Follow Up") -> Regular Follow Up | M296: =IF(AND(L296="High Priority",'Patient Health Records'!U296="Critical",'Patient Health Records'!T296="Yes"),"Needs Attention",IF(AND('Patient Health Records'!U296<> "Critical",'Patient Health Records'!T296="Yes"),"Monitor Later",IF(AND('Patient Health Records'!U296="Critical",'Patient Health Records'!T296="No"),"Ask for Readmission","No Action"))) -> No Action
A297: PID0296 | B297: Aanya Gupta | C297: Female | D297: 19724 | E297: =YEAR(D297) -> 1953 | F297: =DATEDIF(DATE(E297,1,1), TODAY(), "Y") -> 73 | G297: {=_xlfn.IFS(AND(F297>=21,F297<=35), "Young Adults", AND(F297>=35, F297<=45), "Senior Adullt", AND(F297>=46,F297<=65), "senior",AND(F297>=66,F297<=87),"Super Adults")} -> Super Adults | I297: 5 | J297: Tamil Nadu | K297: South | L297: =IF(AND(I297<5,'Billing Details'!I297>10000),"High Priority","Regular Follow Up") -> Regular Follow Up | M297: =IF(AND(L297="High Priority",'Patient Health Records'!U297="Critical",'Patient Health Records'!T297="Yes"),"Needs Attention",IF(AND('Patient Health Records'!U297<> "Critical",'Patient Health Records'!T297="Yes"),"Monitor Later",IF(AND('Patient Health Records'!U297="Critical",'Patient Health Records'!T297="No"),"Ask for Readmission","No Action"))) -> Ask for Readmission
A298: PID0297 | B298: Shreya Sharma | C298: Female | D298: 25203 | E298: =YEAR(D298) -> 1968 | F298: =DATEDIF(DATE(E298,1,1), TODAY(), "Y") -> 58 | G298: {=_xlfn.IFS(AND(F298>=21,F298<=35), "Young Adults", AND(F298>=35, F298<=45), "Senior Adullt", AND(F298>=46,F298<=65), "senior",AND(F298>=66,F298<=87),"Super Adults")} -> senior | I298: 4 | J298: West Bengal | K298: East | L298: =IF(AND(I298<5,'Billing Details'!I298>10000),"High Priority","Regular Follow Up") -> High Priority | M298: =IF(AND(L298="High Priority",'Patient Health Records'!U298="Critical",'Patient Health Records'!T298="Yes"),"Needs Attention",IF(AND('Patient Health Records'!U298<> "Critical",'Patient Health Records'!T298="Yes"),"Monitor Later",IF(AND('Patient Health Records'!U298="Critical",'Patient Health Records'!T298="No"),"Ask for Readmission","No Action"))) -> Ask for Readmission
...

Sheet Sheet2
A1: 1
A2: 2
A3: 3
A4: 4
A5: 5
A6: 6
A7: 7
A8: 8
A9: 9
A10: 10
A11: 11
A12: 12
... A5532: 5532

Sheet Sheet1
A1: Function,Description,Example
A2: SUM,Adds all numbers in a given range.,=SUM(A1:A5)
A3: COUNT,Counts the number of numeric values in a range.,=COUNT(A1:A5)
A4: SUMIF,Sums values based on a single condition.,"=SUMIF(A1:A5, "">10"")"
A5: COUNTIF,Counts cells based on a single condition.,"=COUNTIF(A1:A5, "">10"")"
A6: SUMIFS,Sums values based on multiple conditions.,"=SUMIFS(A1:A5, B1:B5, "">10"", C1:C5, ""South"")"
A7: COUNTIFS,Counts cells based on multiple conditions.,"=COUNTIFS(A1:A5, "">10"", B1:B5, ""South"")"
A8: IF,"Returns one value if a condition is true, and another if false.","=IF(A1>10, ""Yes"", ""No"")"
A9: AND,Returns TRUE if all conditions are true.,"=AND(A1>10, B1<5)"
A10: OR,Returns TRUE if at least one condition is true.,"=OR(A1>10, B1<5)"

Sheet Patient Health Records
A1: Patient Id | B1: Blood Type | C1: Height (cm) | D1: height (m) | E1: Weight (kg) | F1: bmi | G1: Fever | H1: Cough | I1: Fatigue | J1: Difficulty Breathing | K1: Blood Pressure | L1: Cholesterol Level | M1: Smoking Status | N1: updated smoking status | O1: Drinking Status | P1: updated drinking status | Q1: Diabetes | R1: updated Diabetic | S1: Condition | T1: Readmission | U1: Outcome | V1: Satisfaction
A2: PID0001 | B2: O+ | C2: 168 | D2: =C2/100 -> 1.68 | E2: 82.4 | F2: =E2/(D2*D2) -> 29.195011 | G2: FALSE | H2: FALSE | I2: FALSE | J2: FALSE | K2: 129/83 | L2: 151 | M2: FALSE | N2: =IF(ISBLANK(M2),FALSE,IF(M2 ="Yes",TRUE,IF(M2="No",FALSE,M2))) -> FALSE | O2: TRUE | P2: =IF(ISBLANK(O2),FALSE,IF(O2 ="Yes",TRUE,IF(O2="No",FALSE,O2))) -> TRUE | Q2: TRUE | R2: =IF(ISBLANK(Q2),FALSE,IF(Q2 ="Yes",TRUE,IF(Q2="No",FALSE,Q2))) -> TRUE | S2: Fractured Leg | T2: No | U2: Critical | V2: Dissatisfied | X2: {=_xlfn.UNIQUE(S2:S1001)} -> Fractured Leg | Y2: =COUNTIF(S2:S1001,X2) -> 69 | Z2: =_xlfn.MODE.SNGL(Y2:Y16) -> 69 | AA2: =MEDIAN(Y2:Y16) -> 69 | AB2: =AVERAGE(Y2:Y16) -> 66.666667
A3: PID0002 | B3: AB- | C3: 152 | D3: =C3/100 -> 1.52 | E3: 64.8 | F3: =E3/(D3*D3) -> 28.047091 | G3: FALSE | H3: FALSE | I3: FALSE | J3: FALSE | K3: 112/81 | L3: 191 | M3: FALSE | N3: =IF(ISBLANK(M3),FALSE,IF(M3 ="Yes",TRUE,IF(M3="No",FALSE,M3))) -> FALSE | O3: TRUE | P3: =IF(ISBLANK(O3),FALSE,IF(O3 ="Yes",TRUE,IF(O3="No",FALSE,O3))) -> TRUE | Q3: TRUE | R3: =IF(ISBLANK(Q3),FALSE,IF(Q3 ="Yes",TRUE,IF(Q3="No",FALSE,Q3))) -> TRUE | S3: Prostate Cancer | T3: No | U3: Recovered | V3: Very Dissatisfied | X3: Prostate Cancer | Y3: =COUNTIF(S3:S1002,X3) -> 74
A4: PID0003 | B4: B+ | C4: 170 | D4: =C4/100 -> 1.7 | E4: 69.4 | F4: =E4/(D4*D4) -> 24.013841 | G4: TRUE | H4: FALSE | I4: FALSE | J4: FALSE | K4: 125/74 | L4: 152 | M4: FALSE | N4: =IF(ISBLANK(M4),FALSE,IF(M4 ="Yes",TRUE,IF(M4="No",FALSE,M4))) -> FALSE | P4: =IF(ISBLANK(O4),FALSE,IF(O4 ="Yes",TRUE,IF(O4="No",FALSE,O4))) -> FALSE | Q4: FALSE | R4: =IF(ISBLANK(Q4),FALSE,IF(Q4 ="Yes",TRUE,IF(Q4="No",FALSE,Q4))) -> FALSE | S4: Stroke | T4: No | U4: Critical | V4: Very Satisfied | X4: Stroke | Y4: =COUNTIF(S4:S1003,X4) -> 62
A5: PID0004 | B5: A- | C5: 169 | D5: =C5/100 -> 1.69 | E5: 89.3 | F5: =E5/(D5*D5) -> 31.266412 | G5: TRUE | H5: TRUE | I5: FALSE | J5: FALSE | K5: 122/72 | L5: 203 | M5: TRUE | N5: =IF(ISBLANK(M5),FALSE,IF(M5 ="Yes",TRUE,IF(M5="No",FALSE,M5))) -> TRUE | O5: FALSE | P5: =IF(ISBLANK(O5),FALSE,IF(O5 ="Yes",TRUE,IF(O5="No",FALSE,O5))) -> FALSE | Q5: TRUE | R5: =IF(ISBLANK(Q5),FALSE,IF(Q5 ="Yes",TRUE,IF(Q5="No",FALSE,Q5))) -> TRUE | S5: Heart Attack | T5: No | U5: Critical | V5: Neutral | X5: Heart Attack | Y5: =COUNTIF(S5:S1004,X5) -> 71
A6: PID0005 | B6: O+ | C6: 161 | D6: =C6/100 -> 1.61 | E6: 69.4 | F6: =E6/(D6*D6) -> 26.773658 | G6: TRUE | H6: FALSE | I6: TRUE | J6: FALSE | K6: 110/80 | L6: 164 | M6: FALSE | N6: =IF(ISBLANK(M6),FALSE,IF(M6 ="Yes",TRUE,IF(M6="No",FALSE,M6))) -> FALSE | O6: FALSE | P6: =IF(ISBLANK(O6),FALSE,IF(O6 ="Yes",TRUE,IF(O6="No",FALSE,O6))) -> FALSE | R6: =IF(ISBLANK(Q6),FALSE,IF(Q6 ="Yes",TRUE,IF(Q6="No",FALSE,Q6))) -> FALSE | S6: Appendicitis | T6: Yes | U6: Critical | V6: Dissatisfied | X6: Appendicitis | Y6: =COUNTIF(S6:S1005,X6) -> 65
A7: PID0006 | B7: O+ | C7: 157 | D7: =C7/100 -> 1.57 | E7: 76.6 | F7: =E7/(D7*D7) -> 31.076311 | G7: TRUE | H7: FALSE | I7: FALSE | J7: FALSE | K7: 110/73 | L7: 223 | M7: FALSE | N7: =IF(ISBLANK(M7),FALSE,IF(M7 ="Yes",TRUE,IF(M7="No",FALSE,M7))) -> FALSE | O7: TRUE | P7: =IF(ISBLANK(O7),FALSE,IF(O7 ="Yes",TRUE,IF(O7="No",FALSE,O7))) -> TRUE | Q7: TRUE | R7: =IF(ISBLANK(Q7),FALSE,IF(Q7 ="Yes",TRUE,IF(Q7="No",FALSE,Q7))) -> TRUE | S7: Fractured Arm | T7: Yes | U7: Critical | V7: Very Dissatisfied | X7: Fractured Arm | Y7: =COUNTIF(S7:S1006,X7) -> 60
A8: PID0007 | B8: O- | C8: 172 | D8: =C8/100 -> 1.72 | E8: 91.5 | F8: =E8/(D8*D8) -> 30.92888 | G8: FALSE | H8: FALSE | I8: TRUE | J8: FALSE | K8: 123/75 | L8: 219 | M8: FALSE | N8: =IF(ISBLANK(M8),FALSE,IF(M8 ="Yes",TRUE,IF(M8="No",FALSE,M8))) -> FALSE | O8: TRUE | P8: =IF(ISBLANK(O8),FALSE,IF(O8 ="Yes",TRUE,IF(O8="No",FALSE,O8))) -> TRUE | Q8: TRUE | R8: =IF(ISBLANK(Q8),FALSE,IF(Q8 ="Yes",TRUE,IF(Q8="No",FALSE,Q8))) -> TRUE | S8: Childbirth | T8: No | U8: Recovered | V8: Satisfied | X8: Childbirth | Y8: =COUNTIF(S8:S1007,X8) -> 66
A9: PID0008 | B9: O- | C9: 161 | D9: =C9/100 -> 1.61 | E9: 75.6 | F9: =E9/(D9*D9) -> 29.165541 | G9: TRUE | H9: FALSE | I9: TRUE | J9: TRUE | K9: 114/70 | L9: 211 | M9: TRUE | N9: =IF(ISBLANK(M9),FALSE,IF(M9 ="Yes",TRUE,IF(M9="No",FALSE,M9))) -> TRUE | O9: FALSE | P9: =IF(ISBLANK(O9),FALSE,IF(O9 ="Yes",TRUE,IF(O9="No",FALSE,O9))) -> FALSE | Q9: TRUE | R9: =IF(ISBLANK(Q9),FALSE,IF(Q9 ="Yes",TRUE,IF(Q9="No",FALSE,Q9))) -> TRUE | S9: Hypertension | T9: Yes | U9: Recovered | V9: Dissatisfied | X9: Hypertension | Y9: =COUNTIF(S9:S1008,X9) -> 69
A10: PID0009 | B10: AB- | C10: 176 | D10: =C10/100 -> 1.76 | E10: 90.7 | F10: =E10/(D10*D10) -> 29.280733 | G10: FALSE | H10: FALSE | I10: FALSE | J10: TRUE | K10: 124/84 | L10: 201 | M10: TRUE | N10: =IF(ISBLANK(M10),FALSE,IF(M10 ="Yes",TRUE,IF(M10="No",FALSE,M10))) -> TRUE | O10: TRUE | P10: =IF(ISBLANK(O10),FALSE,IF(O10 ="Yes",TRUE,IF(O10="No",FALSE,O10))) -> TRUE | Q10: TRUE | R10: =IF(ISBLANK(Q10),FALSE,IF(Q10 ="Yes",TRUE,IF(Q10="No",FALSE,Q10))) -> TRUE | S10: Respiratory Infection | T10: No | U10: Ongoing Treatment | V10: Dissatisfied | X10: Respiratory Infection | Y10: =COUNTIF(S10:S1009,X10) -> 64
A11: PID0010 | B11: A+ | C11: 171 | D11: =C11/100 -> 1.71 | E11: 97.9 | F11: =E11/(D11*D11) -> 33.480387 | G11: TRUE | H11: FALSE | I11: TRUE | J11: FALSE | K11: 116/80 | L11: 224 | M11: Yes | N11: =IF(ISBLANK(M11),FALSE,IF(M11 ="Yes",TRUE,IF(M11="No",FALSE,M11))) -> TRUE | P11: =IF(ISBLANK(O11),FALSE,IF(O11 ="Yes",TRUE,IF(O11="No",FALSE,O11))) -> FALSE | Q11: TRUE | R11: =IF(ISBLANK(Q11),FALSE,IF(Q11 ="Yes",TRUE,IF(Q11="No",FALSE,Q11))) -> TRUE | S11: Heart Attack | T11: No | U11: Critical | V11: Very Dissatisfied | X11: Osteoarthritis | Y11: =COUNTIF(S11:S1010,X11) -> 51
A12: PID0011 | B12: AB- | C12: 167 | D12: =C12/100 -> 1.67 | E12: 83.9 | F12: =E12/(D12*D12) -> 30.083545 | G12: FALSE | H12: FALSE | I12: FALSE | J12: FALSE | K12: 129/71 | L12: 192 | M12: FALSE | N12: =IF(ISBLANK(M12),FALSE,IF(M12 ="Yes",TRUE,IF(M12="No",FALSE,M12))) -> FALSE | O12: TRUE | P12: =IF(ISBLANK(O12),FALSE,IF(O12 ="Yes",TRUE,IF(O12="No",FALSE,O12))) -> TRUE | Q12: TRUE | R12: =IF(ISBLANK(Q12),FALSE,IF(Q12 ="Yes",TRUE,IF(Q12="No",FALSE,Q12))) -> TRUE | S12: Appendicitis | T12: No | U12: Ongoing Treatment | V12: Very Satisfied | X12: Kidney Stones | Y12: =COUNTIF(S12:S1011,X12) -> 73
A13: PID0012 | B13: A+ | C13: 159 | D13: =C13/100 -> 1.59 | E13: 78.7 | F13: =E13/(D13*D13) -> 31.130098 | G13: FALSE | H13: TRUE | I13: TRUE | J13: TRUE | K13: 110/70 | L13: 215 | M13: TRUE | N13: =IF(ISBLANK(M13),FALSE,IF(M13 ="Yes",TRUE,IF(M13="No",FALSE,M13))) -> TRUE | O13: FALSE | P13: =IF(ISBLANK(O13),FALSE,IF(O13 ="Yes",TRUE,IF(O13="No",FALSE,O13))) -> FALSE | Q13: TRUE | R13: =IF(ISBLANK(Q13),FALSE,IF(Q13 ="Yes",TRUE,IF(Q13="No",FALSE,Q13))) -> TRUE | S13: Osteoarthritis | T13: Yes | U13: Recovered | V13: Very Satisfied | X13: Heart Disease | Y13: =COUNTIF(S13:S1012,X13) -> 71
A14: PID0013 | B14: O+ | C14: 166 | D14: =C14/100 -> 1.66 | E14: 92.9 | F14: =E14/(D14*D14) -> 33.713166 | G14: TRUE | H14: TRUE | I14: FALSE | J14: TRUE | K14: 126/76 | L14: 188 | M14: TRUE | N14: =IF(ISBLANK(M14),FALSE,IF(M14 ="Yes",TRUE,IF(M14="No",FALSE,M14))) -> TRUE | O14: TRUE | P14: =IF(ISBLANK(O14),FALSE,IF(O14 ="Yes",TRUE,IF(O14="No",FALSE,O14))) -> TRUE | Q14: TRUE | R14: =IF(ISBLANK(Q14),FALSE,IF(Q14 ="Yes",TRUE,IF(Q14="No",FALSE,Q14))) -> TRUE | S14: Kidney Stones | T14: Yes | U14: Ongoing Treatment | V14: Very Satisfied | X14: Allergic Reaction | Y14: =COUNTIF(S14:S1013,X14) -> 54
A15: PID0014 | B15: AB+ | C15: 171 | D15: =C15/100 -> 1.71 | E15: 78.3 | F15: =E15/(D15*D15) -> 26.77747 | G15: FALSE | H15: FALSE | I15: FALSE | J15: FALSE | K15: 116/89 | L15: 190 | M15: FALSE | N15: =IF(ISBLANK(M15),FALSE,IF(M15 ="Yes",TRUE,IF(M15="No",FALSE,M15))) -> FALSE | O15: FALSE | P15: =IF(ISBLANK(O15),FALSE,IF(O15 ="Yes",TRUE,IF(O15="No",FALSE,O15))) -> FALSE | Q15: FALSE | R15: =IF(ISBLANK(Q15),FALSE,IF(Q15 ="Yes",TRUE,IF(Q15="No",FALSE,Q15))) -> FALSE | S15: Hypertension | T15: Yes | U15: Critical | V15: Very Satisfied | X15: Diabetes | Y15: =COUNTIF(S15:S1014,X15) -> 81
A16: PID0015 | B16: AB+ | C16: 157 | D16: =C16/100 -> 1.57 | E16: 60.1 | F16: =E16/(D16*D16) -> 24.382328 | G16: TRUE | H16: TRUE | I16: FALSE | J16: FALSE | K16: 129/73 | L16: 221 | M16: FALSE | N16: =IF(ISBLANK(M16),FALSE,IF(M16 ="Yes",TRUE,IF(M16="No",FALSE,M16))) -> FALSE | O16: No | P16: =IF(ISBLANK(O16),FALSE,IF(O16 ="Yes",TRUE,IF(O16="No",FALSE,O16))) -> FALSE | Q16: FALSE | R16: =IF(ISBLANK(Q16),FALSE,IF(Q16 ="Yes",TRUE,IF(Q16="No",FALSE,Q16))) -> FALSE | S16: Stroke | T16: No | U16: Critical | V16: Very Dissatisfied | X16: Cancer | Y16: =COUNTIF(S16:S1015,X16) -> 70
A17: PID0016 | B17: B+ | C17: 165 | D17: =C17/100 -> 1.65 | E17: 91.6 | F17: =E17/(D17*D17) -> 33.645546 | G17: TRUE | H17: FALSE | I17: FALSE | J17: FALSE | K17: 112/86 | L17: 186 | M17: TRUE | N17: =IF(ISBLANK(M17),FALSE,IF(M17 ="Yes",TRUE,IF(M17="No",FALSE,M17))) -> TRUE | O17: FALSE | P17: =IF(ISBLANK(O17),FALSE,IF(O17 ="Yes",TRUE,IF(O17="No",FALSE,O17))) -> FALSE | Q17: TRUE | R17: =IF(ISBLANK(Q17),FALSE,IF(Q17 ="Yes",TRUE,IF(Q17="No",FALSE,Q17))) -> TRUE | S17: Heart Disease | T17: Yes | U17: Ongoing Treatment | V17: Dissatisfied
A18: PID0017 | B18: A+ | C18: 167 | D18: =C18/100 -> 1.67 | E18: 60.6 | F18: =E18/(D18*D18) -> 21.728997 | G18: FALSE | H18: FALSE | I18: TRUE | J18: FALSE | K18: 129/85 | L18: 170 | M18: FALSE | N18: =IF(ISBLANK(M18),FALSE,IF(M18 ="Yes",TRUE,IF(M18="No",FALSE,M18))) -> FALSE | O18: FALSE | P18: =IF(ISBLANK(O18),FALSE,IF(O18 ="Yes",TRUE,IF(O18="No",FALSE,O18))) -> FALSE | Q18: FALSE | R18: =IF(ISBLANK(Q18),FALSE,IF(Q18 ="Yes",TRUE,IF(Q18="No",FALSE,Q18))) -> FALSE | S18: Osteoarthritis | T18: Yes | U18: Critical | V18: Very Dissatisfied
A19: PID0018 | B19: O+ | C19: 167 | D19: =C19/100 -> 1.67 | E19: 93.5 | F19: =E19/(D19*D19) -> 33.525763 | G19: FALSE | H19: TRUE | I19: FALSE | J19: TRUE | K19: 128/70 | L19: 191 | M19: TRUE | N19: =IF(ISBLANK(M19),FALSE,IF(M19 ="Yes",TRUE,IF(M19="No",FALSE,M19))) -> TRUE | O19: FALSE | P19: =IF(ISBLANK(O19),FALSE,IF(O19 ="Yes",TRUE,IF(O19="No",FALSE,O19))) -> FALSE | Q19: TRUE | R19: =IF(ISBLANK(Q19),FALSE,IF(Q19 ="Yes",TRUE,IF(Q19="No",FALSE,Q19))) -> TRUE | S19: Childbirth | T19: No | U19: Critical | V19: Very Satisfied
A20: PID0019 | B20: O+ | C20: 171 | D20: =C20/100 -> 1.71 | E20: 99 | F20: =E20/(D20*D20) -> 33.856571 | G20: TRUE | H20: TRUE | I20: FALSE | J20: FALSE | K20: 117/76 | L20: 181 | M20: FALSE | N20: =IF(ISBLANK(M20),FALSE,IF(M20 ="Yes",TRUE,IF(M20="No",FALSE,M20))) -> FALSE | O20: TRUE | P20: =IF(ISBLANK(O20),FALSE,IF(O20 ="Yes",TRUE,IF(O20="No",FALSE,O20))) -> TRUE | Q20: TRUE | R20: =IF(ISBLANK(Q20),FALSE,IF(Q20 ="Yes",TRUE,IF(Q20="No",FALSE,Q20))) -> TRUE | S20: Allergic Reaction | T20: No | U20: Ongoing Treatment | V20: Dissatisfied
A21: PID0020 | B21: A- | C21: 161 | D21: =C21/100 -> 1.61 | E21: 73.7 | F21: =E21/(D21*D21) -> 28.432545 | G21: FALSE | H21: FALSE | I21: FALSE | J21: TRUE | K21: 121/77 | L21: 174 | M21: TRUE | N21: =IF(ISBLANK(M21),FALSE,IF(M21 ="Yes",TRUE,IF(M21="No",FALSE,M21))) -> TRUE | O21: TRUE | P21: =IF(ISBLANK(O21),FALSE,IF(O21 ="Yes",TRUE,IF(O21="No",FALSE,O21))) -> TRUE | Q21: TRUE | R21: =IF(ISBLANK(Q21),FALSE,IF(Q21 ="Yes",TRUE,IF(Q21="No",FALSE,Q21))) -> TRUE | S21: Respiratory Infection | T21: Yes | U21: Critical | V21: Satisfied
A22: PID0021 | B22: A- | C22: 161 | D22: =C22/100 -> 1.61 | E22: 54 | F22: =E22/(D22*D22) -> 20.83253 | G22: FALSE | H22: FALSE | I22: TRUE | J22: FALSE | K22: 114/72 | L22: 222 | N22: =IF(ISBLANK(M22),FALSE,IF(M22 ="Yes",TRUE,IF(M22="No",FALSE,M22))) -> FALSE | O22: FALSE | P22: =IF(ISBLANK(O22),FALSE,IF(O22 ="Yes",TRUE,IF(O22="No",FALSE,O22))) -> FALSE | Q22: FALSE | R22: =IF(ISBLANK(Q22),FALSE,IF(Q22 ="Yes",TRUE,IF(Q22="No",FALSE,Q22))) -> FALSE | S22: Kidney Stones | T22: No | U22: Ongoing Treatment | V22: Neutral
A23: PID0022 | B23: B- | C23: 172 | D23: =C23/100 -> 1.72 | E23: 76 | F23: =E23/(D23*D23) -> 25.689562 | G23: FALSE | H23: FALSE | I23: FALSE | J23: FALSE | K23: 112/84 | L23: 203 | M23: FALSE | N23: =IF(ISBLANK(M23),FALSE,IF(M23 ="Yes",TRUE,IF(M23="No",FALSE,M23))) -> FALSE | O23: FALSE | P23: =IF(ISBLANK(O23),FALSE,IF(O23 ="Yes",TRUE,IF(O23="No",FALSE,O23))) -> FALSE | Q23: FALSE | R23: =IF(ISBLANK(Q23),FALSE,IF(Q23 ="Yes",TRUE,IF(Q23="No",FALSE,Q23))) -> FALSE | S23: Fractured Leg | T23: Yes | U23: Ongoing Treatment | V23: Satisfied
A24: PID0023 | B24: A- | C24: 169 | D24: =C24/100 -> 1.69 | E24: 86.3 | F24: =E24/(D24*D24) -> 30.216029 | G24: FALSE | H24: FALSE | I24: FALSE | J24: FALSE | K24: 123/83 | L24: 157 | M24: FALSE | N24: =IF(ISBLANK(M24),FALSE,IF(M24 ="Yes",TRUE,IF(M24="No",FALSE,M24))) -> FALSE | O24: TRUE | P24: =IF(ISBLANK(O24),FALSE,IF(O24 ="Yes",TRUE,IF(O24="No",FALSE,O24))) -> TRUE | Q24: TRUE | R24: =IF(ISBLANK(Q24),FALSE,IF(Q24 ="Yes",TRUE,IF(Q24="No",FALSE,Q24))) -> TRUE | S24: Kidney Stones | T24: No | U24: Recovered | V24: Dissatisfied
A25: PID0024 | B25: O- | C25: 163 | D25: =C25/100 -> 1.63 | E25: 64.2 | F25: =E25/(D25*D25) -> 24.163499 | G25: FALSE | H25: FALSE | I25: FALSE | J25: FALSE | K25: 127/81 | L25: 216 | M25: FALSE | N25: =IF(ISBLANK(M25),FALSE,IF(M25 ="Yes",TRUE,IF(M25="No",FALSE,M25))) -> FALSE | O25: FALSE | P25: =IF(ISBLANK(O25),FALSE,IF(O25 ="Yes",TRUE,IF(O25="No",FALSE,O25))) -> FALSE | Q25: FALSE | R25: =IF(ISBLANK(Q25),FALSE,IF(Q25 ="Yes",TRUE,IF(Q25="No",FALSE,Q25))) -> FALSE | S25: Diabetes | T25: No | U25: Recovered | V25: Very Dissatisfied
A26: PID0025 | B26: B+ | C26: 175 | D26: =C26/100 -> 1.75 | E26: 61.5 | F26: =E26/(D26*D26) -> 20.081633 | G26: FALSE | H26: FALSE | I26: FALSE | J26: FALSE | K26: 128/71 | L26: 201 | M26: FALSE | N26: =IF(ISBLANK(M26),FALSE,IF(M26 ="Yes",TRUE,IF(M26="No",FALSE,M26))) -> FALSE | P26: =IF(ISBLANK(O26),FALSE,IF(O26 ="Yes",TRUE,IF(O26="No",FALSE,O26))) -> FALSE | Q26: FALSE | R26: =IF(ISBLANK(Q26),FALSE,IF(Q26 ="Yes",TRUE,IF(Q26="No",FALSE,Q26))) -> FALSE | S26: Osteoarthritis | T26: Yes | U26: Recovered | V26: Neutral
A27: PID0026 | B27: AB+ | C27: 150 | D27: =C27/100 -> 1.5 | E27: 68.4 | F27: =E27/(D27*D27) -> 30.4 | G27: FALSE | H27: TRUE | I27: FALSE | J27: TRUE | K27: 128/85 | L27: 170 | M27: TRUE | N27: =IF(ISBLANK(M27),FALSE,IF(M27 ="Yes",TRUE,IF(M27="No",FALSE,M27))) -> TRUE | O27: FALSE | P27: =IF(ISBLANK(O27),FALSE,IF(O27 ="Yes",TRUE,IF(O27="No",FALSE,O27))) -> FALSE | Q27: TRUE | R27: =IF(ISBLANK(Q27),FALSE,IF(Q27 ="Yes",TRUE,IF(Q27="No",FALSE,Q27))) -> TRUE | S27: Kidney Stones | T27: No | U27: Ongoing Treatment | V27: Dissatisfied
A28: PID0027 | B28: A+ | C28: 169 | D28: =C28/100 -> 1.69 | E28: 70.1 | F28: =E28/(D28*D28) -> 24.543959 | G28: FALSE | H28: TRUE | I28: FALSE | J28: FALSE | K28: 125/81 | L28: 213 | M28: FALSE | N28: =IF(ISBLANK(M28),FALSE,IF(M28 ="Yes",TRUE,IF(M28="No",FALSE,M28))) -> FALSE | O28: FALSE | P28: =IF(ISBLANK(O28),FALSE,IF(O28 ="Yes",TRUE,IF(O28="No",FALSE,O28))) -> FALSE | R28: =IF(ISBLANK(Q28),FALSE,IF(Q28 ="Yes",TRUE,IF(Q28="No",FALSE,Q28))) -> FALSE | S28: Osteoarthritis | T28: Yes | U28: Critical | V28: Very Dissatisfied
A29: PID0028 | B29: O- | C29: 163 | D29: =C29/100 -> 1.63 | E29: 54.5 | F29: =E29/(D29*D29) -> 20.512627 | G29: TRUE | H29: FALSE | I29: FALSE | J29: FALSE | K29: 125/79 | L29: 190 | M29: FALSE | N29: =IF(ISBLANK(M29),FALSE,IF(M29 ="Yes",TRUE,IF(M29="No",FALSE,M29))) -> FALSE | O29: FALSE | P29: =IF(ISBLANK(O29),FALSE,IF(O29 ="Yes",TRUE,IF(O29="No",FALSE,O29))) -> FALSE | Q29: FALSE | R29: =IF(ISBLANK(Q29),FALSE,IF(Q29 ="Yes",TRUE,IF(Q29="No",FALSE,Q29))) -> FALSE | S29: Cancer | T29: Yes | U29: Ongoing Treatment | V29: Very Dissatisfied
A30: PID0029 | B30: A- | C30: 166 | D30: =C30/100 -> 1.66 | E30: 95 | F30: =E30/(D30*D30) -> 34.47525 | G30: TRUE | H30: FALSE | I30: TRUE | J30: TRUE | K30: 114/70 | L30: 164 | M30: TRUE | N30: =IF(ISBLANK(M30),FALSE,IF(M30 ="Yes",TRUE,IF(M30="No",FALSE,M30))) -> TRUE | O30: FALSE | P30: =IF(ISBLANK(O30),FALSE,IF(O30 ="Yes",TRUE,IF(O30="No",FALSE,O30))) -> FALSE | Q30: TRUE | R30: =IF(ISBLANK(Q30),FALSE,IF(Q30 ="Yes",TRUE,IF(Q30="No",FALSE,Q30))) -> TRUE | S30: Prostate Cancer | T30: Yes | U30: Ongoing Treatment | V30: Very Dissatisfied
A31: PID0030 | B31: B- | C31: 166 | D31: =C31/100 -> 1.66 | E31: 73.9 | F31: =E31/(D31*D31) -> 26.818116 | G31: FALSE | H31: FALSE | I31: FALSE | J31: FALSE | K31: 117/75 | L31: 166 | M31: FALSE | N31: =IF(ISBLANK(M31),FALSE,IF(M31 ="Yes",TRUE,IF(M31="No",FALSE,M31))) -> FALSE | O31: FALSE | P31: =IF(ISBLANK(O31),FALSE,IF(O31 ="Yes",TRUE,IF(O31="No",FALSE,O31))) -> FALSE | Q31: FALSE | R31: =IF(ISBLANK(Q31),FALSE,IF(Q31 ="Yes",TRUE,IF(Q31="No",FALSE,Q31))) -> FALSE | S31: Allergic Reaction | T31: No | U31: Ongoing Treatment | V31: Neutral
A32: PID0031 | B32: A+ | C32: 161 | D32: =C32/100 -> 1.61 | E32: 59.4 | F32: =E32/(D32*D32) -> 22.915783 | G32: TRUE | H32: FALSE | I32: TRUE | J32: FALSE | K32: 127/71 | L32: 202 | M32: FALSE | N32: =IF(ISBLANK(M32),FALSE,IF(M32 ="Yes",TRUE,IF(M32="No",FALSE,M32))) -> FALSE | O32: FALSE | P32: =IF(ISBLANK(O32),FALSE,IF(O32 ="Yes",TRUE,IF(O32="No",FALSE,O32))) -> FALSE | Q32: FALSE | R32: =IF(ISBLANK(Q32),FALSE,IF(Q32 ="Yes",TRUE,IF(Q32="No",FALSE,Q32))) -> FALSE | S32: Cancer | T32: No | U32: Critical | V32: Neutral
A33: PID0032 | B33: A- | C33: 156 | D33: =C33/100 -> 1.56 | E33: 59.4 | F33: =E33/(D33*D33) -> 24.408284 | G33: FALSE | H33: TRUE | I33: TRUE | J33: FALSE | K33: 129/83 | L33: 196 | M33: FALSE | N33: =IF(ISBLANK(M33),FALSE,IF(M33 ="Yes",TRUE,IF(M33="No",FALSE,M33))) -> FALSE | O33: FALSE | P33: =IF(ISBLANK(O33),FALSE,IF(O33 ="Yes",TRUE,IF(O33="No",FALSE,O33))) -> FALSE | Q33: FALSE | R33: =IF(ISBLANK(Q33),FALSE,IF(Q33 ="Yes",TRUE,IF(Q33="No",FALSE,Q33))) -> FALSE | S33: Prostate Cancer | T33: No | U33: Ongoing Treatment | V33: Satisfied
A34: PID0033 | B34: A+ | C34: 170 | D34: =C34/100 -> 1.7 | E34: 73.7 | F34: =E34/(D34*D34) -> 25.50173 | G34: FALSE | H34: TRUE | I34: TRUE | J34: FALSE | K34: 126/73 | L34: 193 | M34: FALSE | N34: =IF(ISBLANK(M34),FALSE,IF(M34 ="Yes",TRUE,IF(M34="No",FALSE,M34))) -> FALSE | O34: FALSE | P34: =IF(ISBLANK(O34),FALSE,IF(O34 ="Yes",TRUE,IF(O34="No",FALSE,O34))) -> FALSE | Q34: FALSE | R34: =IF(ISBLANK(Q34),FALSE,IF(Q34 ="Yes",TRUE,IF(Q34="No",FALSE,Q34))) -> FALSE | S34: Stroke | T34: Yes | U34: Ongoing Treatment | V34: Neutral
A35: PID0034 | B35: A- | C35: 173 | D35: =C35/100 -> 1.73 | E35: 95.2 | F35: =E35/(D35*D35) -> 31.808614 | G35: FALSE | H35: FALSE | I35: FALSE | J35: TRUE | K35: 122/77 | L35: 156 | M35: TRUE | N35: =IF(ISBLANK(M35),FALSE,IF(M35 ="Yes",TRUE,IF(M35="No",FALSE,M35))) -> TRUE | O35: FALSE | P35: =IF(ISBLANK(O35),FALSE,IF(O35 ="Yes",TRUE,IF(O35="No",FALSE,O35))) -> FALSE | Q35: TRUE | R35: =IF(ISBLANK(Q35),FALSE,IF(Q35 ="Yes",TRUE,IF(Q35="No",FALSE,Q35))) -> TRUE | S35: Allergic Reaction | T35: No | U35: Recovered | V35: Neutral
A36: PID0035 | B36: O- | C36: 165 | D36: =C36/100 -> 1.65 | E36: 78.1 | F36: =E36/(D36*D36) -> 28.686869 | G36: FALSE | H36: FALSE | I36: FALSE | J36: FALSE | K36: 121/70 | L36: 191 | M36: FALSE | N36: =IF(ISBLANK(M36),FALSE,IF(M36 ="Yes",TRUE,IF(M36="No",FALSE,M36))) -> FALSE | O36: TRUE | P36: =IF(ISBLANK(O36),FALSE,IF(O36 ="Yes",TRUE,IF(O36="No",FALSE,O36))) -> TRUE | Q36: TRUE | R36: =IF(ISBLANK(Q36),FALSE,IF(Q36 ="Yes",TRUE,IF(Q36="No",FALSE,Q36))) -> TRUE | S36: Cancer | T36: Yes | U36: Critical | V36: Neutral
A37: PID0036 | B37: B+ | C37: 161 | D37: =C37/100 -> 1.61 | E37: 78.2 | F37: =E37/(D37*D37) -> 30.168589 | G37: FALSE | H37: FALSE | I37: FALSE | J37: FALSE | K37: 126/79 | L37: 191 | N37: =IF(ISBLANK(M37),FALSE,IF(M37 ="Yes",TRUE,IF(M37="No",FALSE,M37))) -> FALSE | O37: TRUE | P37: =IF(ISBLANK(O37),FALSE,IF(O37 ="Yes",TRUE,IF(O37="No",FALSE,O37))) -> TRUE | Q37: TRUE | R37: =IF(ISBLANK(Q37),FALSE,IF(Q37 ="Yes",TRUE,IF(Q37="No",FALSE,Q37))) -> TRUE | S37: Cancer | T37: No | U37: Recovered | V37: Dissatisfied
A38: PID0037 | B38: O+ | C38: 156 | D38: =C38/100 -> 1.56 | E38: 60.6 | F38: =E38/(D38*D38) -> 24.901381 | G38: FALSE | H38: TRUE | I38: TRUE | J38: FALSE | K38: 115/82 | L38: 161 | M38: FALSE | N38: =IF(ISBLANK(M38),FALSE,IF(M38 ="Yes",TRUE,IF(M38="No",FALSE,M38))) -> FALSE | O38: FALSE | P38: =IF(ISBLANK(O38),FALSE,IF(O38 ="Yes",TRUE,IF(O38="No",FALSE,O38))) -> FALSE | Q38: FALSE | R38: =IF(ISBLANK(Q38),FALSE,IF(Q38 ="Yes",TRUE,IF(Q38="No",FALSE,Q38))) -> FALSE | S38: Appendicitis | T38: No | U38: Recovered | V38: Satisfied
A39: PID0038 | B39: O+ | C39: 169 | D39: =C39/100 -> 1.69 | E39: 99.2 | F39: =E39/(D39*D39) -> 34.732677 | G39: TRUE | H39: FALSE | I39: FALSE | J39: TRUE | K39: 121/79 | L39: 160 | M39: TRUE | N39: =IF(ISBLANK(M39),FALSE,IF(M39 ="Yes",TRUE,IF(M39="No",FALSE,M39))) -> TRUE | O39: TRUE | P39: =IF(ISBLANK(O39),FALSE,IF(O39 ="Yes",TRUE,IF(O39="No",FALSE,O39))) -> TRUE | Q39: TRUE | R39: =IF(ISBLANK(Q39),FALSE,IF(Q39 ="Yes",TRUE,IF(Q39="No",FALSE,Q39))) -> TRUE | S39: Allergic Reaction | T39: Yes | U39: Critical | V39: Very Satisfied
A40: PID0039 | B40: O+ | C40: 159 | D40: =C40/100 -> 1.59 | E40: 58.9 | F40: =E40/(D40*D40) -> 23.298129 | G40: FALSE | H40: TRUE | I40: FALSE | J40: FALSE | K40: 125/74 | L40: 212 | M40: FALSE | N40: =IF(ISBLANK(M40),FALSE,IF(M40 ="Yes",TRUE,IF(M40="No",FALSE,M40))) -> FALSE | O40: FALSE | P40: =IF(ISBLANK(O40),FALSE,IF(O40 ="Yes",TRUE,IF(O40="No",FALSE,O40))) -> FALSE | Q40: FALSE | R40: =IF(ISBLANK(Q40),FALSE,IF(Q40 ="Yes",TRUE,IF(Q40="No",FALSE,Q40))) -> FALSE | S40: Cancer | T40: Yes | U40: Critical | V40: Satisfied
A41: PID0040 | B41: O+ | C41: 161 | D41: =C41/100 -> 1.61 | E41: 79.1 | F41: =E41/(D41*D41) -> 30.515798 | G41: TRUE | H41: FALSE | I41: FALSE | J41: TRUE | K41: 112/70 | L41: 180 | M41: TRUE | N41: =IF(ISBLANK(M41),FALSE,IF(M41 ="Yes",TRUE,IF(M41="No",FALSE,M41))) -> TRUE | O41: FALSE | P41: =IF(ISBLANK(O41),FALSE,IF(O41 ="Yes",TRUE,IF(O41="No",FALSE,O41))) -> FALSE | Q41: TRUE | R41: =IF(ISBLANK(Q41),FALSE,IF(Q41 ="Yes",TRUE,IF(Q41="No",FALSE,Q41))) -> TRUE | S41: Prostate Cancer | T41: Yes | U41: Recovered | V41: Neutral
A42: PID0041 | B42: A+ | C42: 165 | D42: =C42/100 -> 1.65 | E42: 77.4 | F42: =E42/(D42*D42) -> 28.429752 | G42: FALSE | H42: TRUE | I42: FALSE | J42: TRUE | K42: 111/88 | L42: 185 | M42: TRUE | N42: =IF(ISBLANK(M42),FALSE,IF(M42 ="Yes",TRUE,IF(M42="No",FALSE,M42))) -> TRUE | O42: FALSE | P42: =IF(ISBLANK(O42),FALSE,IF(O42 ="Yes",TRUE,IF(O42="No",FALSE,O42))) -> FALSE | Q42: TRUE | R42: =IF(ISBLANK(Q42),FALSE,IF(Q42 ="Yes",TRUE,IF(Q42="No",FALSE,Q42))) -> TRUE | S42: Osteoarthritis | T42: No | U42: Recovered | V42: Dissatisfied
A43: PID0042 | B43: AB+ | C43: 156 | D43: =C43/100 -> 1.56 | E43: 80.1 | F43: =E43/(D43*D43) -> 32.914201 | G43: FALSE | H43: TRUE | I43: FALSE | J43: FALSE | K43: 121/85 | L43: 189 | N43: =IF(ISBLANK(M43),FALSE,IF(M43 ="Yes",TRUE,IF(M43="No",FALSE,M43))) -> FALSE | O43: TRUE | P43: =IF(ISBLANK(O43),FALSE,IF(O43 ="Yes",TRUE,IF(O43="No",FALSE,O43))) -> TRUE | Q43: TRUE | R43: =IF(ISBLANK(Q43),FALSE,IF(Q43 ="Yes",TRUE,IF(Q43="No",FALSE,Q43))) -> TRUE | S43: Prostate Cancer | T43: Yes | U43: Recovered | V43: Satisfied
A44: PID0043 | B44: O+ | C44: 160 | D44: =C44/100 -> 1.6 | E44: 81.2 | F44: =E44/(D44*D44) -> 31.71875 | G44: FALSE | H44: FALSE | I44: FALSE | J44: FALSE | K44: 127/81 | L44: 217 | M44: FALSE | N44: =IF(ISBLANK(M44),FALSE,IF(M44 ="Yes",TRUE,IF(M44="No",FALSE,M44))) -> FALSE | O44: TRUE | P44: =IF(ISBLANK(O44),FALSE,IF(O44 ="Yes",TRUE,IF(O44="No",FALSE,O44))) -> TRUE | Q44: TRUE | R44: =IF(ISBLANK(Q44),FALSE,IF(Q44 ="Yes",TRUE,IF(Q44="No",FALSE,Q44))) -> TRUE | S44: Fractured Leg | T44: Yes | U44: Recovered | V44: Satisfied
A45: PID0044 | B45: O- | C45: 171 | D45: =C45/100 -> 1.71 | E45: 85.2 | F45: =E45/(D45*D45) -> 29.13717 | G45: TRUE | H45: FALSE | I45: FALSE | J45: TRUE | K45: 125/70 | L45: 173 | M45: TRUE | N45: =IF(ISBLANK(M45),FALSE,IF(M45 ="Yes",TRUE,IF(M45="No",FALSE,M45))) -> TRUE | O45: FALSE | P45: =IF(ISBLANK(O45),FALSE,IF(O45 ="Yes",TRUE,IF(O45="No",FALSE,O45))) -> FALSE | Q45: TRUE | R45: =IF(ISBLANK(Q45),FALSE,IF(Q45 ="Yes",TRUE,IF(Q45="No",FALSE,Q45))) -> TRUE | S45: Appendicitis | T45: Yes | U45: Recovered | V45: Very Satisfied
A46: PID0045 | B46: B+ | C46: 154 | D46: =C46/100 -> 1.54 | E46: 74.9 | F46: =E46/(D46*D46) -> 31.582054 | G46: FALSE | H46: TRUE | I46: FALSE | J46: TRUE | K46: 121/80 | L46: 160 | M46: TRUE | N46: =IF(ISBLANK(M46),FALSE,IF(M46 ="Yes",TRUE,IF(M46="No",FALSE,M46))) -> TRUE | O46: TRUE | P46: =IF(ISBLANK(O46),FALSE,IF(O46 ="Yes",TRUE,IF(O46="No",FALSE,O46))) -> TRUE | Q46: TRUE | R46: =IF(ISBLANK(Q46),FALSE,IF(Q46 ="Yes",TRUE,IF(Q46="No",FALSE,Q46))) -> TRUE | S46: Heart Attack | T46: Yes | U46: Critical | V46: Neutral
A47: PID0046 | B47: O- | C47: 171 | D47: =C47/100 -> 1.71 | E47: 90.2 | F47: =E47/(D47*D47) -> 30.847098 | G47: FALSE | H47: TRUE | I47: TRUE | J47: FALSE | K47: 110/77 | L47: 186 | M47: TRUE | N47: =IF(ISBLANK(M47),FALSE,IF(M47 ="Yes",TRUE,IF(M47="No",FALSE,M47))) -> TRUE | O47: FALSE | P47: =IF(ISBLANK(O47),FALSE,IF(O47 ="Yes",TRUE,IF(O47="No",FALSE,O47))) -> FALSE | Q47: TRUE | R47: =IF(ISBLANK(Q47),FALSE,IF(Q47 ="Yes",TRUE,IF(Q47="No",FALSE,Q47))) -> TRUE | S47: Heart Attack | T47: No | U47: Ongoing Treatment | V47: Satisfied
A48: PID0047 | B48: AB- | C48: 178 | D48: =C48/100 -> 1.78 | E48: 76.5 | F48: =E48/(D48*D48) -> 24.144679 | G48: FALSE | H48: FALSE | I48: FALSE | J48: FALSE | K48: 120/86 | L48: 196 | M48: FALSE | N48: =IF(ISBLANK(M48),FALSE,IF(M48 ="Yes",TRUE,IF(M48="No",FALSE,M48))) -> FALSE | P48: =IF(ISBLANK(O48),FALSE,IF(O48 ="Yes",TRUE,IF(O48="No",FALSE,O48))) -> FALSE | Q48: FALSE | R48: =IF(ISBLANK(Q48),FALSE,IF(Q48 ="Yes",TRUE,IF(Q48="No",FALSE,Q48))) -> FALSE | S48: Cancer | T48: Yes | U48: Recovered | V48: Neutral
A49: PID0048 | B49: B- | C49: 176 | D49: =C49/100 -> 1.76 | E49: 88.1 | F49: =E49/(D49*D49) -> 28.441374 | G49: FALSE | H49: FALSE | I49: FALSE | J49: FALSE | K49: 116/82 | L49: 187 | M49: FALSE | N49: =IF(ISBLANK(M49),FALSE,IF(M49 ="Yes",TRUE,IF(M49="No",FALSE,M49))) -> FALSE | O49: TRUE | P49: =IF(ISBLANK(O49),FALSE,IF(O49 ="Yes",TRUE,IF(O49="No",FALSE,O49))) -> TRUE | Q49: TRUE | R49: =IF(ISBLANK(Q49),FALSE,IF(Q49 ="Yes",TRUE,IF(Q49="No",FALSE,Q49))) -> TRUE | S49: Stroke | T49: Yes | U49: Critical | V49: Dissatisfied
A50: PID0049 | B50: A- | C50: 153 | D50: =C50/100 -> 1.53 | E50: 48.2 | F50: =E50/(D50*D50) -> 20.590371 | G50: TRUE | H50: TRUE | I50: FALSE | J50: FALSE | K50: 115/70 | L50: 151 | M50: FALSE | N50: =IF(ISBLANK(M50),FALSE,IF(M50 ="Yes",TRUE,IF(M50="No",FALSE,M50))) -> FALSE | O50: FALSE | P50: =IF(ISBLANK(O50),FALSE,IF(O50 ="Yes",TRUE,IF(O50="No",FALSE,O50))) -> FALSE | Q50: FALSE | R50: =IF(ISBLANK(Q50),FALSE,IF(Q50 ="Yes",TRUE,IF(Q50="No",FALSE,Q50))) -> FALSE | S50: Prostate Cancer | T50: Yes | U50: Critical | V50: Dissatisfied
A51: PID0050 | B51: B- | C51: 165 | D51: =C51/100 -> 1.65 | E51: 91.1 | F51: =E51/(D51*D51) -> 33.461892 | G51: FALSE | H51: FALSE | I51: FALSE | J51: TRUE | K51: 118/76 | L51: 220 | M51: TRUE | N51: =IF(ISBLANK(M51),FALSE,IF(M51 ="Yes",TRUE,IF(M51="No",FALSE,M51))) -> TRUE | O51: FALSE | P51: =IF(ISBLANK(O51),FALSE,IF(O51 ="Yes",TRUE,IF(O51="No",FALSE,O51))) -> FALSE | Q51: TRUE | R51: =IF(ISBLANK(Q51),FALSE,IF(Q51 ="Yes",TRUE,IF(Q51="No",FALSE,Q51))) -> TRUE | S51: Respiratory Infection | T51: No | U51: Critical | V51: Very Satisfied
A52: PID0051 | B52: O+ | C52: 158 | D52: =C52/100 -> 1.58 | E52: 64.9 | F52: =E52/(D52*D52) -> 25.997436 | G52: FALSE | H52: TRUE | I52: FALSE | J52: FALSE | K52: 122/75 | L52: 160 | M52: FALSE | N52: =IF(ISBLANK(M52),FALSE,IF(M52 ="Yes",TRUE,IF(M52="No",FALSE,M52))) -> FALSE | O52: FALSE | P52: =IF(ISBLANK(O52),FALSE,IF(O52 ="Yes",TRUE,IF(O52="No",FALSE,O52))) -> FALSE | Q52: FALSE | R52: =IF(ISBLANK(Q52),FALSE,IF(Q52 ="Yes",TRUE,IF(Q52="No",FALSE,Q52))) -> FALSE | S52: Prostate Cancer | T52: Yes | U52: Ongoing Treatment | V52: Very Satisfied
A53: PID0052 | B53: O- | C53: 167 | D53: =C53/100 -> 1.67 | E53: 87.1 | F53: =E53/(D53*D53) -> 31.230951 | G53: FALSE | H53: FALSE | I53: FALSE | J53: FALSE | K53: 111/73 | L53: 212 | M53: TRUE | N53: =IF(ISBLANK(M53),FALSE,IF(M53 ="Yes",TRUE,IF(M53="No",FALSE,M53))) -> TRUE | O53: TRUE | P53: =IF(ISBLANK(O53),FALSE,IF(O53 ="Yes",TRUE,IF(O53="No",FALSE,O53))) -> TRUE | Q53: TRUE | R53: =IF(ISBLANK(Q53),FALSE,IF(Q53 ="Yes",TRUE,IF(Q53="No",FALSE,Q53))) -> TRUE | S53: Heart Disease | T53: Yes | U53: Critical | V53: Satisfied
A54: PID0053 | B54: B+ | C54: 160 | D54: =C54/100 -> 1.6 | E54: 72.1 | F54: =E54/(D54*D54) -> 28.164062 | G54: TRUE | H54: TRUE | I54: FALSE | J54: TRUE | K54: 114/87 | L54: 194 | M54: TRUE | N54: =IF(ISBLANK(M54),FALSE,IF(M54 ="Yes",TRUE,IF(M54="No",FALSE,M54))) -> TRUE | O54: FALSE | P54: =IF(ISBLANK(O54),FALSE,IF(O54 ="Yes",TRUE,IF(O54="No",FALSE,O54))) -> FALSE | Q54: TRUE | R54: =IF(ISBLANK(Q54),FALSE,IF(Q54 ="Yes",TRUE,IF(Q54="No",FALSE,Q54))) -> TRUE | S54: Respiratory Infection | U54: Ongoing Treatment | V54: Very Dissatisfied
A55: PID0054 | B55: AB- | C55: 167 | D55: =C55/100 -> 1.67 | E55: 93.1 | F55: =E55/(D55*D55) -> 33.382337 | G55: FALSE | H55: TRUE | I55: FALSE | J55: FALSE | K55: 119/75 | L55: 168 | N55: =IF(ISBLANK(M55),FALSE,IF(M55 ="Yes",TRUE,IF(M55="No",FALSE,M55))) -> FALSE | O55: TRUE | P55: =IF(ISBLANK(O55),FALSE,IF(O55 ="Yes",TRUE,IF(O55="No",FALSE,O55))) -> TRUE | Q55: TRUE | R55: =IF(ISBLANK(Q55),FALSE,IF(Q55 ="Yes",TRUE,IF(Q55="No",FALSE,Q55))) -> TRUE | S55: Hypertension | T55: Yes | U55: Recovered | V55: Very Dissatisfied
A56: PID0055 | B56: AB+ | C56: 179 | D56: =C56/100 -> 1.79 | E56: 75.4 | F56: =E56/(D56*D56) -> 23.532349 | G56: FALSE | H56: FALSE | I56: FALSE | J56: FALSE | K56: 112/79 | L56: 219 | M56: FALSE | N56: =IF(ISBLANK(M56),FALSE,IF(M56 ="Yes",TRUE,IF(M56="No",FALSE,M56))) -> FALSE | O56: FALSE | P56: =IF(ISBLANK(O56),FALSE,IF(O56 ="Yes",TRUE,IF(O56="No",FALSE,O56))) -> FALSE | Q56: FALSE | R56: =IF(ISBLANK(Q56),FALSE,IF(Q56 ="Yes",TRUE,IF(Q56="No",FALSE,Q56))) -> FALSE | S56: Kidney Stones | T56: Yes | U56: Ongoing Treatment | V56: Very Dissatisfied
A57: PID0056 | B57: AB- | C57: 161 | D57: =C57/100 -> 1.61 | E57: 57.7 | F57: =E57/(D57*D57) -> 22.259944 | G57: FALSE | H57: TRUE | I57: TRUE | J57: FALSE | K57: 121/81 | L57: 218 | M57: FALSE | N57: =IF(ISBLANK(M57),FALSE,IF(M57 ="Yes",TRUE,IF(M57="No",FALSE,M57))) -> FALSE | O57: FALSE | P57: =IF(ISBLANK(O57),FALSE,IF(O57 ="Yes",TRUE,IF(O57="No",FALSE,O57))) -> FALSE | Q57: FALSE | R57: =IF(ISBLANK(Q57),FALSE,IF(Q57 ="Yes",TRUE,IF(Q57="No",FALSE,Q57))) -> FALSE | S57: Fractured Leg | T57: No | U57: Ongoing Treatment | V57: Dissatisfied
A58: PID0057 | B58: O+ | C58: 164 | D58: =C58/100 -> 1.64 | E58: 62.6 | F58: =E58/(D58*D58) -> 23.274836 | G58: FALSE | H58: TRUE | I58: FALSE | J58: FALSE | K58: 124/72 | L58: 186 | M58: FALSE | N58: =IF(ISBLANK(M58),FALSE,IF(M58 ="Yes",TRUE,IF(M58="No",FALSE,M58))) -> FALSE | O58: FALSE | P58: =IF(ISBLANK(O58),FALSE,IF(O58 ="Yes",TRUE,IF(O58="No",FALSE,O58))) -> FALSE | R58: =IF(ISBLANK(Q58),FALSE,IF(Q58 ="Yes",TRUE,IF(Q58="No",FALSE,Q58))) -> FALSE | S58: Cancer | T58: Yes | U58: Ongoing Treatment | V58: Neutral
A59: PID0058 | B59: AB- | C59: 163 | D59: =C59/100 -> 1.63 | E59: 63.5 | F59: =E59/(D59*D59) -> 23.900034 | G59: TRUE | H59: FALSE | I59: FALSE | J59: FALSE | K59: 118/80 | L59: 177 | N59: =IF(ISBLANK(M59),FALSE,IF(M59 ="Yes",TRUE,IF(M59="No",FALSE,M59))) -> FALSE | O59: FALSE | P59: =IF(ISBLANK(O59),FALSE,IF(O59 ="Yes",TRUE,IF(O59="No",FALSE,O59))) -> FALSE | Q59: FALSE | R59: =IF(ISBLANK(Q59),FALSE,IF(Q59 ="Yes",TRUE,IF(Q59="No",FALSE,Q59))) -> FALSE | S59: Fractured Leg | T59: Yes | U59: Ongoing Treatment | V59: Satisfied
A60: PID0059 | B60: B+ | C60: 172 | D60: =C60/100 -> 1.72 | E60: 71.7 | F60: =E60/(D60*D60) -> 24.236074 | G60: TRUE | H60: FALSE | I60: FALSE | J60: FALSE | K60: 124/80 | L60: 179 | M60: FALSE | N60: =IF(ISBLANK(M60),FALSE,IF(M60 ="Yes",TRUE,IF(M60="No",FALSE,M60))) -> FALSE | O60: FALSE | P60: =IF(ISBLANK(O60),FALSE,IF(O60 ="Yes",TRUE,IF(O60="No",FALSE,O60))) -> FALSE | Q60: FALSE | R60: =IF(ISBLANK(Q60),FALSE,IF(Q60 ="Yes",TRUE,IF(Q60="No",FALSE,Q60))) -> FALSE | S60: Kidney Stones | T60: Yes | U60: Critical | V60: Dissatisfied
A61: PID0060 | B61: B- | C61: 178 | D61: =C61/100 -> 1.78 | E61: 104 | F61: =E61/(D61*D61) -> 32.824138 | G61: FALSE | H61: FALSE | I61: FALSE | J61: FALSE | K61: 127/86 | L61: 166 | M61: TRUE | N61: =IF(ISBLANK(M61),FALSE,IF(M61 ="Yes",TRUE,IF(M61="No",FALSE,M61))) -> TRUE | O61: FALSE | P61: =IF(ISBLANK(O61),FALSE,IF(O61 ="Yes",TRUE,IF(O61="No",FALSE,O61))) -> FALSE | Q61: TRUE | R61: =IF(ISBLANK(Q61),FALSE,IF(Q61 ="Yes",TRUE,IF(Q61="No",FALSE,Q61))) -> TRUE | S61: Heart Attack | T61: Yes | U61: Recovered | V61: Very Satisfied
A62: PID0061 | B62: B- | C62: 176 | D62: =C62/100 -> 1.76 | E62: 95.7 | F62: =E62/(D62*D62) -> 30.894886 | G62: TRUE | H62: FALSE | I62: TRUE | J62: FALSE | K62: 127/77 | L62: 182 | M62: TRUE | N62: =IF(ISBLANK(M62),FALSE,IF(M62 ="Yes",TRUE,IF(M62="No",FALSE,M62))) -> TRUE | O62: FALSE | P62: =IF(ISBLANK(O62),FALSE,IF(O62 ="Yes",TRUE,IF(O62="No",FALSE,O62))) -> FALSE | Q62: TRUE | R62: =IF(ISBLANK(Q62),FALSE,IF(Q62 ="Yes",TRUE,IF(Q62="No",FALSE,Q62))) -> TRUE | S62: Heart Attack | T62: No | U62: Recovered | V62: Neutral
A63: PID0062 | B63: B- | C63: 169 | D63: =C63/100 -> 1.69 | E63: 86.7 | F63: =E63/(D63*D63) -> 30.35608 | G63: FALSE | H63: TRUE | I63: TRUE | J63: FALSE | K63: 112/86 | L63: 186 | M63: FALSE | N63: =IF(ISBLANK(M63),FALSE,IF(M63 ="Yes",TRUE,IF(M63="No",FALSE,M63))) -> FALSE | O63: TRUE | P63: =IF(ISBLANK(O63),FALSE,IF(O63 ="Yes",TRUE,IF(O63="No",FALSE,O63))) -> TRUE | Q63: TRUE | R63: =IF(ISBLANK(Q63),FALSE,IF(Q63 ="Yes",TRUE,IF(Q63="No",FALSE,Q63))) -> TRUE | S63: Appendicitis | T63: No | U63: Recovered | V63: Satisfied
A64: PID0063 | B64: O+ | C64: 176 | D64: =C64/100 -> 1.76 | E64: 105.9 | F64: =E64/(D64*D64) -> 34.187758 | G64: FALSE | H64: FALSE | I64: FALSE | J64: TRUE | K64: 126/70 | L64: 176 | M64: TRUE | N64: =IF(ISBLANK(M64),FALSE,IF(M64 ="Yes",TRUE,IF(M64="No",FALSE,M64))) -> TRUE | O64: FALSE | P64: =IF(ISBLANK(O64),FALSE,IF(O64 ="Yes",TRUE,IF(O64="No",FALSE,O64))) -> FALSE | Q64: TRUE | R64: =IF(ISBLANK(Q64),FALSE,IF(Q64 ="Yes",TRUE,IF(Q64="No",FALSE,Q64))) -> TRUE | S64: Hypertension | T64: Yes | U64: Recovered | V64: Very Dissatisfied
A65: PID0064 | B65: A+ | C65: 166 | D65: =C65/100 -> 1.66 | E65: 87.1 | F65: =E65/(D65*D65) -> 31.608361 | G65: FALSE | H65: FALSE | I65: FALSE | J65: FALSE | K65: 127/86 | L65: 188 | M65: TRUE | N65: =IF(ISBLANK(M65),FALSE,IF(M65 ="Yes",TRUE,IF(M65="No",FALSE,M65))) -> TRUE | O65: FALSE | P65: =IF(ISBLANK(O65),FALSE,IF(O65 ="Yes",TRUE,IF(O65="No",FALSE,O65))) -> FALSE | Q65: TRUE | R65: =IF(ISBLANK(Q65),FALSE,IF(Q65 ="Yes",TRUE,IF(Q65="No",FALSE,Q65))) -> TRUE | S65: Heart Disease | T65: Yes | U65: Critical | V65: Satisfied
A66: PID0065 | B66: AB+ | C66: 162 | D66: =C66/100 -> 1.62 | E66: 60.7 | F66: =E66/(D66*D66) -> 23.129096 | G66: FALSE | H66: FALSE | I66: TRUE | J66: FALSE | K66: 113/76 | L66: 204 | M66: FALSE | N66: =IF(ISBLANK(M66),FALSE,IF(M66 ="Yes",TRUE,IF(M66="No",FALSE,M66))) -> FALSE | O66: FALSE | P66: =IF(ISBLANK(O66),FALSE,IF(O66 ="Yes",TRUE,IF(O66="No",FALSE,O66))) -> FALSE | Q66: FALSE | R66: =IF(ISBLANK(Q66),FALSE,IF(Q66 ="Yes",TRUE,IF(Q66="No",FALSE,Q66))) -> FALSE | S66: Allergic Reaction | T66: Yes | U66: Critical | V66: Neutral
A67: PID0066 | B67: AB- | C67: 165 | D67: =C67/100 -> 1.65 | E67: 65.6 | F67: =E67/(D67*D67) -> 24.0955 | G67: FALSE | H67: FALSE | I67: FALSE | J67: FALSE | K67: 112/73 | L67: 166 | M67: FALSE | N67: =IF(ISBLANK(M67),FALSE,IF(M67 ="Yes",TRUE,IF(M67="No",FALSE,M67))) -> FALSE | O67: FALSE | P67: =IF(ISBLANK(O67),FALSE,IF(O67 ="Yes",TRUE,IF(O67="No",FALSE,O67))) -> FALSE | Q67: FALSE | R67: =IF(ISBLANK(Q67),FALSE,IF(Q67 ="Yes",TRUE,IF(Q67="No",FALSE,Q67))) -> FALSE | S67: Osteoarthritis | T67: No | U67: Ongoing Treatment | V67: Neutral
A68: PID0067 | B68: A+ | C68: 150 | D68: =C68/100 -> 1.5 | E68: 69 | F68: =E68/(D68*D68) -> 30.666667 | G68: FALSE | H68: TRUE | I68: FALSE | J68: TRUE | K68: 115/82 | L68: 163 | M68: TRUE | N68: =IF(ISBLANK(M68),FALSE,IF(M68 ="Yes",TRUE,IF(M68="No",FALSE,M68))) -> TRUE | O68: FALSE | P68: =IF(ISBLANK(O68),FALSE,IF(O68 ="Yes",TRUE,IF(O68="No",FALSE,O68))) -> FALSE | Q68: TRUE | R68: =IF(ISBLANK(Q68),FALSE,IF(Q68 ="Yes",TRUE,IF(Q68="No",FALSE,Q68))) -> TRUE | S68: Childbirth | T68: No | U68: Recovered | V68: Neutral
A69: PID0068 | B69: AB+ | C69: 169 | D69: =C69/100 -> 1.69 | E69: 67.9 | F69: =E69/(D69*D69) -> 23.773677 | G69: FALSE | H69: TRUE | I69: TRUE | J69: FALSE | K69: 121/78 | L69: 200 | M69: FALSE | N69: =IF(ISBLANK(M69),FALSE,IF(M69 ="Yes",TRUE,IF(M69="No",FALSE,M69))) -> FALSE | O69: FALSE | P69: =IF(ISBLANK(O69),FALSE,IF(O69 ="Yes",TRUE,IF(O69="No",FALSE,O69))) -> FALSE | R69: =IF(ISBLANK(Q69),FALSE,IF(Q69 ="Yes",TRUE,IF(Q69="No",FALSE,Q69))) -> FALSE | S69: Allergic Reaction | T69: No | U69: Recovered | V69: Dissatisfied
A70: PID0069 | B70: B- | C70: 158 | D70: =C70/100 -> 1.58 | E70: 78.8 | F70: =E70/(D70*D70) -> 31.565454 | G70: FALSE | H70: FALSE | I70: FALSE | J70: FALSE | K70: 124/82 | L70: 225 | M70: FALSE | N70: =IF(ISBLANK(M70),FALSE,IF(M70 ="Yes",TRUE,IF(M70="No",FALSE,M70))) -> FALSE | O70: TRUE | P70: =IF(ISBLANK(O70),FALSE,IF(O70 ="Yes",TRUE,IF(O70="No",FALSE,O70))) -> TRUE | Q70: TRUE | R70: =IF(ISBLANK(Q70),FALSE,IF(Q70 ="Yes",TRUE,IF(Q70="No",FALSE,Q70))) -> TRUE | S70: Cancer | T70: No | U70: Recovered | V70: Very Satisfied
A71: PID0070 | B71: O- | C71: 165 | D71: =C71/100 -> 1.65 | E71: 89.6 | F71: =E71/(D71*D71) -> 32.910927 | G71: FALSE | H71: FALSE | I71: TRUE | J71: FALSE | K71: 129/76 | L71: 152 | M71: FALSE | N71: =IF(ISBLANK(M71),FALSE,IF(M71 ="Yes",TRUE,IF(M71="No",FALSE,M71))) -> FALSE | O71: TRUE | P71: =IF(ISBLANK(O71),FALSE,IF(O71 ="Yes",TRUE,IF(O71="No",FALSE,O71))) -> TRUE | Q71: TRUE | R71: =IF(ISBLANK(Q71),FALSE,IF(Q71 ="Yes",TRUE,IF(Q71="No",FALSE,Q71))) -> TRUE | S71: Childbirth | T71: Yes | U71: Recovered | V71: Neutral
A72: PID0071 | B72: AB+ | C72: 158 | D72: =C72/100 -> 1.58 | E72: 72.8 | F72: =E72/(D72*D72) -> 29.161993 | G72: TRUE | H72: FALSE | I72: FALSE | J72: TRUE | K72: 123/89 | L72: 169 | M72: TRUE | N72: =IF(ISBLANK(M72),FALSE,IF(M72 ="Yes",TRUE,IF(M72="No",FALSE,M72))) -> TRUE | O72: FALSE | P72: =IF(ISBLANK(O72),FALSE,IF(O72 ="Yes",TRUE,IF(O72="No",FALSE,O72))) -> FALSE | Q72: TRUE | R72: =IF(ISBLANK(Q72),FALSE,IF(Q72 ="Yes",TRUE,IF(Q72="No",FALSE,Q72))) -> TRUE | S72: Childbirth | T72: Yes | U72: Recovered | V72: Very Dissatisfied
A73: PID0072 | B73: A+ | C73: 163 | D73: =C73/100 -> 1.63 | E73: 60 | F73: =E73/(D73*D73) -> 22.582709 | G73: FALSE | H73: FALSE | I73: FALSE | J73: FALSE | K73: 125/70 | L73: 174 | M73: FALSE | N73: =IF(ISBLANK(M73),FALSE,IF(M73 ="Yes",TRUE,IF(M73="No",FALSE,M73))) -> FALSE | O73: FALSE | P73: =IF(ISBLANK(O73),FALSE,IF(O73 ="Yes",TRUE,IF(O73="No",FALSE,O73))) -> FALSE | Q73: FALSE | R73: =IF(ISBLANK(Q73),FALSE,IF(Q73 ="Yes",TRUE,IF(Q73="No",FALSE,Q73))) -> FALSE | S73: Hypertension | T73: No | U73: Critical | V73: Very Dissatisfied
A74: PID0073 | B74: A+ | C74: 173 | D74: =C74/100 -> 1.73 | E74: 99.8 | F74: =E74/(D74*D74) -> 33.345585 | G74: FALSE | H74: FALSE | I74: FALSE | J74: TRUE | K74: 126/71 | L74: 160 | M74: TRUE | N74: =IF(ISBLANK(M74),FALSE,IF(M74 ="Yes",TRUE,IF(M74="No",FALSE,M74))) -> TRUE | O74: TRUE | P74: =IF(ISBLANK(O74),FALSE,IF(O74 ="Yes",TRUE,IF(O74="No",FALSE,O74))) -> TRUE | Q74: TRUE | R74: =IF(ISBLANK(Q74),FALSE,IF(Q74 ="Yes",TRUE,IF(Q74="No",FALSE,Q74))) -> TRUE | S74: Stroke | T74: Yes | U74: Recovered | V74: Very Satisfied
A75: PID0074 | B75: B+ | C75: 162 | D75: =C75/100 -> 1.62 | E75: 73.7 | F75: =E75/(D75*D75) -> 28.082609 | G75: FALSE | H75: FALSE | I75: TRUE | J75: TRUE | K75: 124/77 | L75: 208 | M75: TRUE | N75: =IF(ISBLANK(M75),FALSE,IF(M75 ="Yes",TRUE,IF(M75="No",FALSE,M75))) -> TRUE | O75: FALSE | P75: =IF(ISBLANK(O75),FALSE,IF(O75 ="Yes",TRUE,IF(O75="No",FALSE,O75))) -> FALSE | Q75: TRUE | R75: =IF(ISBLANK(Q75),FALSE,IF(Q75 ="Yes",TRUE,IF(Q75="No",FALSE,Q75))) -> TRUE | S75: Osteoarthritis | T75: No | U75: Ongoing Treatment | V75: Neutral
A76: PID0075 | B76: B- | C76: 152 | D76: =C76/100 -> 1.52 | E76: 60.2 | F76: =E76/(D76*D76) -> 26.056094 | G76: TRUE | H76: TRUE | I76: FALSE | J76: FALSE | K76: 121/76 | L76: 165 | M76: FALSE | N76: =IF(ISBLANK(M76),FALSE,IF(M76 ="Yes",TRUE,IF(M76="No",FALSE,M76))) -> FALSE | O76: FALSE | P76: =IF(ISBLANK(O76),FALSE,IF(O76 ="Yes",TRUE,IF(O76="No",FALSE,O76))) -> FALSE | Q76: FALSE | R76: =IF(ISBLANK(Q76),FALSE,IF(Q76 ="Yes",TRUE,IF(Q76="No",FALSE,Q76))) -> FALSE | S76: Kidney Stones | T76: No | U76: Critical | V76: Satisfied
A77: PID0076 | B77: AB- | C77: 176 | D77: =C77/100 -> 1.76 | E77: 81.2 | F77: =E77/(D77*D77) -> 26.213843 | G77: TRUE | H77: FALSE | I77: TRUE | J77: FALSE | K77: 129/80 | L77: 178 | M77: FALSE | N77: =IF(ISBLANK(M77),FALSE,IF(M77 ="Yes",TRUE,IF(M77="No",FALSE,M77))) -> FALSE | P77: =IF(ISBLANK(O77),FALSE,IF(O77 ="Yes",TRUE,IF(O77="No",FALSE,O77))) -> FALSE | R77: =IF(ISBLANK(Q77),FALSE,IF(Q77 ="Yes",TRUE,IF(Q77="No",FALSE,Q77))) -> FALSE | S77: Allergic Reaction | T77: Yes | U77: Recovered | V77: Neutral
A78: PID0077 | B78: AB- | C78: 164 | D78: =C78/100 -> 1.64 | E78: 83.4 | F78: =E78/(D78*D78) -> 31.008328 | G78: FALSE | H78: TRUE | I78: FALSE | J78: TRUE | K78: 120/86 | L78: 206 | M78: TRUE | N78: =IF(ISBLANK(M78),FALSE,IF(M78 ="Yes",TRUE,IF(M78="No",FALSE,M78))) -> TRUE | O78: FALSE | P78: =IF(ISBLANK(O78),FALSE,IF(O78 ="Yes",TRUE,IF(O78="No",FALSE,O78))) -> FALSE | Q78: TRUE | R78: =IF(ISBLANK(Q78),FALSE,IF(Q78 ="Yes",TRUE,IF(Q78="No",FALSE,Q78))) -> TRUE | S78: Respiratory Infection | T78: Yes | U78: Critical | V78: Satisfied
A79: PID0078 | B79: O- | C79: 169 | D79: =C79/100 -> 1.69 | E79: 86.7 | F79: =E79/(D79*D79) -> 30.35608 | G79: FALSE | H79: FALSE | I79: FALSE | J79: TRUE | K79: 114/82 | L79: 211 | M79: TRUE | N79: =IF(ISBLANK(M79),FALSE,IF(M79 ="Yes",TRUE,IF(M79="No",FALSE,M79))) -> TRUE | O79: FALSE | P79: =IF(ISBLANK(O79),FALSE,IF(O79 ="Yes",TRUE,IF(O79="No",FALSE,O79))) -> FALSE | Q79: TRUE | R79: =IF(ISBLANK(Q79),FALSE,IF(Q79 ="Yes",TRUE,IF(Q79="No",FALSE,Q79))) -> TRUE | S79: Osteoarthritis | T79: No | U79: Critical | V79: Very Dissatisfied
A80: PID0079 | B80: B- | C80: 172 | D80: =C80/100 -> 1.72 | E80: 86.5 | F80: =E80/(D80*D80) -> 29.238778 | G80: FALSE | H80: TRUE | I80: TRUE | J80: FALSE | K80: 122/71 | L80: 214 | M80: TRUE | N80: =IF(ISBLANK(M80),FALSE,IF(M80 ="Yes",TRUE,IF(M80="No",FALSE,M80))) -> TRUE | O80: TRUE | P80: =IF(ISBLANK(O80),FALSE,IF(O80 ="Yes",TRUE,IF(O80="No",FALSE,O80))) -> TRUE | Q80: TRUE | R80: =IF(ISBLANK(Q80),FALSE,IF(Q80 ="Yes",TRUE,IF(Q80="No",FALSE,Q80))) -> TRUE | S80: Heart Attack | T80: Yes | U80: Ongoing Treatment | V80: Satisfied
A81: PID0080 | B81: B+ | C81: 176 | D81: =C81/100 -> 1.76 | E81: 94.6 | F81: =E81/(D81*D81) -> 30.539773 | G81: TRUE | H81: TRUE | I81: TRUE | J81: TRUE | K81: 113/73 | L81: 157 | M81: TRUE | N81: =IF(ISBLANK(M81),FALSE,IF(M81 ="Yes",TRUE,IF(M81="No",FALSE,M81))) -> TRUE | P81: =IF(ISBLANK(O81),FALSE,IF(O81 ="Yes",TRUE,IF(O81="No",FALSE,O81))) -> FALSE | Q81: TRUE | R81: =IF(ISBLANK(Q81),FALSE,IF(Q81 ="Yes",TRUE,IF(Q81="No",FALSE,Q81))) -> TRUE | S81: Hypertension | T81: Yes | U81: Recovered | V81: Very Satisfied
A82: PID0081 | B82: O- | C82: 168 | D82: =C82/100 -> 1.68 | E82: 87 | F82: =E82/(D82*D82) -> 30.82483 | G82: TRUE | H82: FALSE | I82: TRUE | J82: FALSE | K82: 129/84 | L82: 175 | M82: TRUE | N82: =IF(ISBLANK(M82),FALSE,IF(M82 ="Yes",TRUE,IF(M82="No",FALSE,M82))) -> TRUE | O82: FALSE | P82: =IF(ISBLANK(O82),FALSE,IF(O82 ="Yes",TRUE,IF(O82="No",FALSE,O82))) -> FALSE | Q82: TRUE | R82: =IF(ISBLANK(Q82),FALSE,IF(Q82 ="Yes",TRUE,IF(Q82="No",FALSE,Q82))) -> TRUE | S82: Heart Attack | T82: No | U82: Recovered | V82: Very Dissatisfied
A83: PID0082 | B83: A- | C83: 164 | D83: =C83/100 -> 1.64 | E83: 61.7 | F83: =E83/(D83*D83) -> 22.940214 | G83: FALSE | H83: FALSE | I83: FALSE | J83: FALSE | K83: 115/71 | L83: 215 | M83: FALSE | N83: =IF(ISBLANK(M83),FALSE,IF(M83 ="Yes",TRUE,IF(M83="No",FALSE,M83))) -> FALSE | O83: FALSE | P83: =IF(ISBLANK(O83),FALSE,IF(O83 ="Yes",TRUE,IF(O83="No",FALSE,O83))) -> FALSE | Q83: FALSE | R83: =IF(ISBLANK(Q83),FALSE,IF(Q83 ="Yes",TRUE,IF(Q83="No",FALSE,Q83))) -> FALSE | S83: Hypertension | T83: Yes | U83: Ongoing Treatment | V83: Neutral
A84: PID0083 | B84: AB- | C84: 162 | D84: =C84/100 -> 1.62 | E84: 76.2 | F84: =E84/(D84*D84) -> 29.035208 | G84: FALSE | H84: TRUE | I84: FALSE | J84: TRUE | K84: 116/77 | L84: 184 | M84: TRUE | N84: =IF(ISBLANK(M84),FALSE,IF(M84 ="Yes",TRUE,IF(M84="No",FALSE,M84))) -> TRUE | O84: TRUE | P84: =IF(ISBLANK(O84),FALSE,IF(O84 ="Yes",TRUE,IF(O84="No",FALSE,O84))) -> TRUE | Q84: TRUE | R84: =IF(ISBLANK(Q84),FALSE,IF(Q84 ="Yes",TRUE,IF(Q84="No",FALSE,Q84))) -> TRUE | S84: Respiratory Infection | T84: No | U84: Ongoing Treatment | V84: Satisfied
A85: PID0084 | B85: B+ | C85: 159 | D85: =C85/100 -> 1.59 | E85: 54.5 | F85: =E85/(D85*D85) -> 21.557692 | G85: FALSE | H85: FALSE | I85: FALSE | J85: FALSE | K85: 117/85 | L85: 163 | M85: FALSE | N85: =IF(ISBLANK(M85),FALSE,IF(M85 ="Yes",TRUE,IF(M85="No",FALSE,M85))) -> FALSE | O85: FALSE | P85: =IF(ISBLANK(O85),FALSE,IF(O85 ="Yes",TRUE,IF(O85="No",FALSE,O85))) -> FALSE | Q85: FALSE | R85: =IF(ISBLANK(Q85),FALSE,IF(Q85 ="Yes",TRUE,IF(Q85="No",FALSE,Q85))) -> FALSE | S85: Childbirth | T85: Yes | U85: Recovered | V85: Neutral
A86: PID0085 | B86: B- | C86: 165 | D86: =C86/100 -> 1.65 | E86: 69.7 | F86: =E86/(D86*D86) -> 25.601469 | G86: TRUE | H86: FALSE | I86: TRUE | J86: FALSE | K86: 125/73 | L86: 223 | M86: FALSE | N86: =IF(ISBLANK(M86),FALSE,IF(M86 ="Yes",TRUE,IF(M86="No",FALSE,M86))) -> FALSE | O86: FALSE | P86: =IF(ISBLANK(O86),FALSE,IF(O86 ="Yes",TRUE,IF(O86="No",FALSE,O86))) -> FALSE | Q86: FALSE | R86: =IF(ISBLANK(Q86),FALSE,IF(Q86 ="Yes",TRUE,IF(Q86="No",FALSE,Q86))) -> FALSE | S86: Appendicitis | T86: No | U86: Recovered | V86: Very Dissatisfied
A87: PID0086 | B87: A+ | C87: 175 | D87: =C87/100 -> 1.75 | E87: 89.6 | F87: =E87/(D87*D87) -> 29.257143 | G87: FALSE | H87: FALSE | I87: TRUE | J87: TRUE | K87: 121/70 | L87: 220 | M87: TRUE | N87: =IF(ISBLANK(M87),FALSE,IF(M87 ="Yes",TRUE,IF(M87="No",FALSE,M87))) -> TRUE | O87: TRUE | P87: =IF(ISBLANK(O87),FALSE,IF(O87 ="Yes",TRUE,IF(O87="No",FALSE,O87))) -> TRUE | Q87: TRUE | R87: =IF(ISBLANK(Q87),FALSE,IF(Q87 ="Yes",TRUE,IF(Q87="No",FALSE,Q87))) -> TRUE | S87: Appendicitis | T87: No | U87: Critical | V87: Very Satisfied
A88: PID0087 | B88: B- | C88: 154 | D88: =C88/100 -> 1.54 | E88: 73 | F88: =E88/(D88*D88) -> 30.780907 | G88: TRUE | H88: TRUE | I88: FALSE | J88: FALSE | K88: 110/82 | L88: 164 | N88: =IF(ISBLANK(M88),FALSE,IF(M88 ="Yes",TRUE,IF(M88="No",FALSE,M88))) -> FALSE | O88: TRUE | P88: =IF(ISBLANK(O88),FALSE,IF(O88 ="Yes",TRUE,IF(O88="No",FALSE,O88))) -> TRUE | Q88: TRUE | R88: =IF(ISBLANK(Q88),FALSE,IF(Q88 ="Yes",TRUE,IF(Q88="No",FALSE,Q88))) -> TRUE | S88: Diabetes | T88: Yes | U88: Critical | V88: Very Dissatisfied
A89: PID0088 | B89: B- | C89: 174 | D89: =C89/100 -> 1.74 | E89: 94.2 | F89: =E89/(D89*D89) -> 31.113753 | G89: FALSE | H89: FALSE | I89: TRUE | J89: TRUE | K89: 112/81 | L89: 185 | M89: TRUE | N89: =IF(ISBLANK(M89),FALSE,IF(M89 ="Yes",TRUE,IF(M89="No",FALSE,M89))) -> TRUE | O89: TRUE | P89: =IF(ISBLANK(O89),FALSE,IF(O89 ="Yes",TRUE,IF(O89="No",FALSE,O89))) -> TRUE | Q89: TRUE | R89: =IF(ISBLANK(Q89),FALSE,IF(Q89 ="Yes",TRUE,IF(Q89="No",FALSE,Q89))) -> TRUE | S89: Fractured Leg | T89: Yes | U89: Recovered | V89: Very Satisfied
A90: PID0089 | B90: AB+ | C90: 176 | D90: =C90/100 -> 1.76 | E90: 89.9 | F90: =E90/(D90*D90) -> 29.022469 | G90: TRUE | H90: FALSE | I90: FALSE | J90: FALSE | K90: 128/75 | L90: 160 | M90: FALSE | N90: =IF(ISBLANK(M90),FALSE,IF(M90 ="Yes",TRUE,IF(M90="No",FALSE,M90))) -> FALSE | O90: TRUE | P90: =IF(ISBLANK(O90),FALSE,IF(O90 ="Yes",TRUE,IF(O90="No",FALSE,O90))) -> TRUE | Q90: TRUE | R90: =IF(ISBLANK(Q90),FALSE,IF(Q90 ="Yes",TRUE,IF(Q90="No",FALSE,Q90))) -> TRUE | S90: Appendicitis | T90: Yes | U90: Recovered | V90: Neutral
A91: PID0090 | B91: B+ | C91: 167 | D91: =C91/100 -> 1.67 | E91: 67.9 | F91: =E91/(D91*D91) -> 24.346517 | G91: TRUE | H91: TRUE | I91: TRUE | J91: FALSE | K91: 113/81 | L91: 190 | M91: FALSE | N91: =IF(ISBLANK(M91),FALSE,IF(M91 ="Yes",TRUE,IF(M91="No",FALSE,M91))) -> FALSE | O91: FALSE | P91: =IF(ISBLANK(O91),FALSE,IF(O91 ="Yes",TRUE,IF(O91="No",FALSE,O91))) -> FALSE | Q91: FALSE | R91: =IF(ISBLANK(Q91),FALSE,IF(Q91 ="Yes",TRUE,IF(Q91="No",FALSE,Q91))) -> FALSE | S91: Allergic Reaction | T91: No | U91: Recovered | V91: Very Satisfied
A92: PID0091 | B92: B- | C92: 171 | D92: =C92/100 -> 1.71 | E92: 91.7 | F92: =E92/(D92*D92) -> 31.360077 | G92: FALSE | H92: TRUE | I92: FALSE | J92: TRUE | K92: 110/82 | L92: 153 | M92: TRUE | N92: =IF(ISBLANK(M92),FALSE,IF(M92 ="Yes",TRUE,IF(M92="No",FALSE,M92))) -> TRUE | O92: FALSE | P92: =IF(ISBLANK(O92),FALSE,IF(O92 ="Yes",TRUE,IF(O92="No",FALSE,O92))) -> FALSE | Q92: TRUE | R92: =IF(ISBLANK(Q92),FALSE,IF(Q92 ="Yes",TRUE,IF(Q92="No",FALSE,Q92))) -> TRUE | S92: Appendicitis | T92: Yes | U92: Recovered | V92: Very Dissatisfied
A93: PID0092 | B93: O- | C93: 166 | D93: =C93/100 -> 1.66 | E93: 60.4 | F93: =E93/(D93*D93) -> 21.919001 | G93: FALSE | H93: FALSE | I93: FALSE | J93: FALSE | K93: 122/73 | L93: 153 | M93: FALSE | N93: =IF(ISBLANK(M93),FALSE,IF(M93 ="Yes",TRUE,IF(M93="No",FALSE,M93))) -> FALSE | O93: FALSE | P93: =IF(ISBLANK(O93),FALSE,IF(O93 ="Yes",TRUE,IF(O93="No",FALSE,O93))) -> FALSE | Q93: FALSE | R93: =IF(ISBLANK(Q93),FALSE,IF(Q93 ="Yes",TRUE,IF(Q93="No",FALSE,Q93))) -> FALSE | S93: Appendicitis | T93: Yes | U93: Critical | V93: Dissatisfied
A94: PID0093 | B94: B+ | C94: 170 | D94: =C94/100 -> 1.7 | E94: 58.7 | F94: =E94/(D94*D94) -> 20.311419 | G94: TRUE | H94: FALSE | I94: FALSE | J94: FALSE | K94: 114/70 | L94: 201 | M94: FALSE | N94: =IF(ISBLANK(M94),FALSE,IF(M94 ="Yes",TRUE,IF(M94="No",FALSE,M94))) -> FALSE | O94: FALSE | P94: =IF(ISBLANK(O94),FALSE,IF(O94 ="Yes",TRUE,IF(O94="No",FALSE,O94))) -> FALSE | Q94: FALSE | R94: =IF(ISBLANK(Q94),FALSE,IF(Q94 ="Yes",TRUE,IF(Q94="No",FALSE,Q94))) -> FALSE | S94: Allergic Reaction | T94: No | U94: Recovered | V94: Very Satisfied
A95: PID0094 | B95: A+ | C95: 167 | D95: =C95/100 -> 1.67 | E95: 86.8 | F95: =E95/(D95*D95) -> 31.123382 | G95: FALSE | H95: FALSE | I95: FALSE | J95: FALSE | K95: 116/72 | L95: 220 | M95: FALSE | N95: =IF(ISBLANK(M95),FALSE,IF(M95 ="Yes",TRUE,IF(M95="No",FALSE,M95))) -> FALSE | O95: TRUE | P95: =IF(ISBLANK(O95),FALSE,IF(O95 ="Yes",TRUE,IF(O95="No",FALSE,O95))) -> TRUE | Q95: TRUE | R95: =IF(ISBLANK(Q95),FALSE,IF(Q95 ="Yes",TRUE,IF(Q95="No",FALSE,Q95))) -> TRUE | S95: Allergic Reaction | T95: No | U95: Ongoing Treatment | V95: Satisfied
A96: PID0095 | B96: AB- | C96: 168 | D96: =C96/100 -> 1.68 | E96: 87.2 | F96: =E96/(D96*D96) -> 30.895692 | G96: FALSE | H96: FALSE | I96: FALSE | J96: TRUE | K96: 115/86 | L96: 218 | M96: TRUE | N96: =IF(ISBLANK(M96),FALSE,IF(M96 ="Yes",TRUE,IF(M96="No",FALSE,M96))) -> TRUE | O96: FALSE | P96: =IF(ISBLANK(O96),FALSE,IF(O96 ="Yes",TRUE,IF(O96="No",FALSE,O96))) -> FALSE | Q96: TRUE | R96: =IF(ISBLANK(Q96),FALSE,IF(Q96 ="Yes",TRUE,IF(Q96="No",FALSE,Q96))) -> TRUE | S96: Heart Disease | T96: No | U96: Recovered | V96: Dissatisfied
A97: PID0096 | B97: O- | C97: 156 | D97: =C97/100 -> 1.56 | E97: 77.3 | F97: =E97/(D97*D97) -> 31.763642 | G97: TRUE | H97: FALSE | I97: FALSE | J97: TRUE | K97: 110/89 | L97: 168 | M97: TRUE | N97: =IF(ISBLANK(M97),FALSE,IF(M97 ="Yes",TRUE,IF(M97="No",FALSE,M97))) -> TRUE | P97: =IF(ISBLANK(O97),FALSE,IF(O97 ="Yes",TRUE,IF(O97="No",FALSE,O97))) -> FALSE | Q97: TRUE | R97: =IF(ISBLANK(Q97),FALSE,IF(Q97 ="Yes",TRUE,IF(Q97="No",FALSE,Q97))) -> TRUE | S97: Cancer | T97: Yes | U97: Ongoing Treatment | V97: Very Satisfied
A98: PID0097 | B98: AB+ | C98: 160 | D98: =C98/100 -> 1.6 | E98: 86.2 | F98: =E98/(D98*D98) -> 33.671875 | G98: FALSE | H98: TRUE | I98: FALSE | J98: TRUE | K98: 119/85 | L98: 175 | M98: TRUE | N98: =IF(ISBLANK(M98),FALSE,IF(M98 ="Yes",TRUE,IF(M98="No",FALSE,M98))) -> TRUE | O98: TRUE | P98: =IF(ISBLANK(O98),FALSE,IF(O98 ="Yes",TRUE,IF(O98="No",FALSE,O98))) -> TRUE | Q98: TRUE | R98: =IF(ISBLANK(Q98),FALSE,IF(Q98 ="Yes",TRUE,IF(Q98="No",FALSE,Q98))) -> TRUE | S98: Diabetes | T98: No | U98: Critical | V98: Neutral
A99: PID0098 | B99: A- | C99: 167 | D99: =C99/100 -> 1.67 | E99: 92.9 | F99: =E99/(D99*D99) -> 33.310624 | G99: FALSE | H99: FALSE | I99: TRUE | J99: TRUE | K99: 115/73 | L99: 226 | M99: TRUE | N99: =IF(ISBLANK(M99),FALSE,IF(M99 ="Yes",TRUE,IF(M99="No",FALSE,M99))) -> TRUE | O99: TRUE | P99: =IF(ISBLANK(O99),FALSE,IF(O99 ="Yes",TRUE,IF(O99="No",FALSE,O99))) -> TRUE | Q99: TRUE | R99: =IF(ISBLANK(Q99),FALSE,IF(Q99 ="Yes",TRUE,IF(Q99="No",FALSE,Q99))) -> TRUE | S99: Osteoarthritis | T99: No | U99: Ongoing Treatment | V99: Very Satisfied
A100: PID0099 | B100: A- | C100: 168 | D100: =C100/100 -> 1.68 | E100: 92.2 | F100: =E100/(D100*D100) -> 32.667234 | G100: TRUE | H100: FALSE | I100: TRUE | J100: FALSE | K100: 117/72 | L100: 220 | M100: FALSE | N100: =IF(ISBLANK(M100),FALSE,IF(M100 ="Yes",TRUE,IF(M100="No",FALSE,M100))) -> FALSE | O100: TRUE | P100: =IF(ISBLANK(O100),FALSE,IF(O100 ="Yes",TRUE,IF(O100="No",FALSE,O100))) -> TRUE | Q100: TRUE | R100: =IF(ISBLANK(Q100),FALSE,IF(Q100 ="Yes",TRUE,IF(Q100="No",FALSE,Q100))) -> TRUE | S100: Fractured Leg | T100: Yes | U100: Critical | V100: Neutral
...

Sheet Patient Education
A1: Patient Id | B1: Education Level | C1: Occupation | D1: Company Type
A2: PID0001 | B2: Master's Degree | C2: Manager | D2: Startup
A3: PID0002 | B3: Bachelor's Degree | C3: Teacher | D3: Startup
A4: PID0003 | B4: School | C4: Clerical Staff | D4: public
A5: PID0004 | B5: School | C5: Retail Worker | D5: Public
A6: PID0005 | B6: Post-graduate | C6: Professor | D6: Startup
A7: PID0006 | B7: PhD | C7: Scientist | D7: Private
A8: PID0007 | B8: Uneducated | C8: Unemployed | D8: None
A9: PID0008 | B9: Uneducated | C9: Labourer | D9: None
A10: PID0009 | B10: School | C10: Driver | D10: Public
A11: PID0010 | B11: Master's Degree | C11: Doctor | D11: Startup
A12: PID0011 | B12: Master's Degree | C12: Doctor | D12: Public
... A1001: PID1000 | B1001: Bachelor's Degree | C1001: Teacher | D1001: Startup

Sheet Billing Details
A1: Patient Id | B1: Procedure | C1: A | D1: B | E1: C | F1: Cost Per Visit | G1: Number of Visits | H1: region | I1: Total Bill | K1: central tendecny MEAN | L1: cverage | M1: median | N1: mode | O1: Room Number | P1: Admission Date | Q1: Discharge Date | R1: Insurance Provider | S1: Covered by Insurance | T1: Sum Covered by Insurance
A2: PID0001 | B2: Delivery and Postnatal Care | C2: {=_xlfn.UNIQUE(B2:B1001)} -> Delivery and Postnatal Care | D2: South | E2: =SUMIFS('Billing Details'!T:T,'Billing Details'!D:D,'Billing Details'!$J$2,'Billing Details'!B:B,'Billing Details'!C2) * 100/ SUMIFS(I:I,'Billing Details'!D:D,'Billing Details'!$J$2,'Billing Details'!B:B,'Billing Details'!C2) -> 56.192083 | F2: 12000 | G2: 5 | H2: South | I2: =F2*G2 -> 60000 | J2: South | K2: =AVERAGEIF('Patient Demographics'!K2:K1001,'Patient Demographics'!O2,'Billing Details'!I2:I1001) -> 47541.873 | L2: =SUMIF(H2:H1001,J2,T2:T1001)*100/SUMIF(H2:H1001,J2,I2:I1001) -> 54.667953 | M2: {=MEDIAN(IF(H2:H1001="South",I2:I1001))} -> 21000 | O2: 212 | P2: 44905 | Q2: 44908 | R2: Blue Cross | S2: TRUE | T2: 32168.65
A3: PID0002 | B3: X-Ray and Splint | C3: X-Ray and Splint | D3: West | E3: =SUMIFS('Billing Details'!T:T,'Billing Details'!D:D,'Billing Details'!$J$2,'Billing Details'!B:B,'Billing Details'!C3) * 100/ SUMIFS(I:I,'Billing Details'!D:D,'Billing Details'!$J$2,'Billing Details'!B:B,'Billing Details'!C3) -> 49.730645 | F3: 500 | G3: 1 | H3: West | I3: =F3*G3 -> 500 | J3: West | K3: =AVERAGEIF('Patient Demographics'!K3:K1002,'Patient Demographics'!O3,'Billing Details'!I3:I1001) -> 62654.618 | L3: =SUMIF(H3:H1002,J3,T3:T1002)*100/SUMIF(H3:H1002,J3,I3:I1002) -> 54.139675 | M3: {=MEDIAN(IF(H3:H1001="North",I3:I1001))} -> 22500 | O3: 173 | P3: 43992 | Q3: 43995 | S3: FALSE
A4: PID0003 | B4: Lithotripsy | C4: Lithotripsy | D4: North | E4: =SUMIFS('Billing Details'!T:T,'Billing Details'!D:D,'Billing Details'!$J$2,'Billing Details'!B:B,'Billing Details'!C4) * 100/ SUMIFS(I:I,'Billing Details'!D:D,'Billing Details'!$J$2,'Billing Details'!B:B,'Billing Details'!C4) -> 52.582664 | F4: 6000 | G4: 3 | H4: North | I4: =F4*G4 -> 18000 | J4: North | K4: =AVERAGEIF('Patient Demographics'!K4:K1003,'Patient Demographics'!O4,'Billing Details'!I4:I1002) -> 54700.794 | L4: =SUMIF(H4:H1003,J4,T4:T1003)*100/SUMIF(H4:H1003,J4,I4:I1003) -> 55.759287 | M4: {=MEDIAN(IF(H4:H1002="East",I4:I1002))} -> 22500 | O4: 216 | P4: 45006 | Q4: 45009 | R4: Blue Cross | S4: TRUE | T4: 12004.65
A5: PID0004 | B5: Delivery and Postnatal Care | C5: Cast and Physical Therapy | D5: South | E5: =SUMIFS('Billing Details'!T:T,'Billing Details'!D:D,'Billing Details'!$J$2,'Billing Details'!B:B,'Billing Details'!C5) * 100/ SUMIFS(I:I,'Billing Details'!D:D,'Billing Details'!$J$2,'Billing Details'!B:B,'Billing Details'!C5) -> 49.623381 | F5: 12000 | G5: 4 | H5: South | I5: =F5*G5 -> 48000 | J5: East | K5: =AVERAGEIF('Patient Demographics'!K5:K1004,'Patient Demographics'!O5,'Billing Details'!I5:I1003) -> 61180.882 | L5: =SUMIF(H5:H1004,J5,T5:T1004)*100/SUMIF(H5:H1004,J5,I5:I1004) -> 55.831487 | M5: {=MEDIAN(IF(H5:H1003="West",I5:I1003))} -> 31000 | O5: 125 | P5: 44506 | Q5: 44512 | R5: Aetna | S5: TRUE | T5: 32956.92
A6: PID0005 | B6: Cast and Physical Therapy | C6: Medication and Counseling | D6: North | E6: =SUMIFS('Billing Details'!T:T,'Billing Details'!D:D,'Billing Details'!$J$2,'Billing Details'!B:B,'Billing Details'!C6) * 100/ SUMIFS(I:I,'Billing Details'!D:D,'Billing Details'!$J$2,'Billing Details'!B:B,'Billing Details'!C6) -> 58.574804 | F6: 3000 | G6: 7 | H6: North | I6: =F6*G6 -> 21000 | O6: 235 | P6: 43683 | Q6: 43685 | R6: Cigna | S6: TRUE | T6: 16712.08
A7: PID0006 | B7: Lithotripsy | C7: CT Scan and Medication | D7: South | E7: =SUMIFS('Billing Details'!T:T,'Billing Details'!D:D,'Billing Details'!$J$2,'Billing Details'!B:B,'Billing Details'!C7) * 100/ SUMIFS(I:I,'Billing Details'!D:D,'Billing Details'!$J$2,'Billing Details'!B:B,'Billing Details'!C7) -> 64.791321 | F7: ₹6000 | G7: 3 | H7: South | I7: =F7*G7 -> 18000 | O7: 483 | P7: 44324 | Q7: 44326 | R7: Cigna | S7: TRUE | T7: 13741.14
A8: PID0007 | B8: Medication and Counseling | C8: Cardiac Catheterization | D8: West | E8: =SUMIFS('Billing Details'!T:T,'Billing Details'!D:D,'Billing Details'!$J$2,'Billing Details'!B:B,'Billing Details'!C8) * 100/ SUMIFS(I:I,'Billing Details'!D:D,'Billing Details'!$J$2,'Billing Details'!B:B,'Billing Details'!C8) -> 55.667183 | F8: 1000 | G8: 3 | H8: West | I8: =F8*G8 -> 3000 | O8: 128 | P8: 45035 | Q8: 45039 | R8: Aetna | S8: TRUE | T8: 1831.05
A9: PID0008 | B9: CT Scan and Medication | C9: Surgery and Chemotherapy | D9: South | E9: =SUMIFS('Billing Details'!T:T,'Billing Details'!D:D,'Billing Details'!$J$2,'Billing Details'!B:B,'Billing Details'!C9) * 100/ SUMIFS(I:I,'Billing Details'!D:D,'Billing Details'!$J$2,'Billing Details'!B:B,'Billing Details'!C9) -> 48.926027 | F9: 10000 | G9: 2 | H9: South | I9: =F9*G9 -> 20000 | O9: 274 | P9: 45036 | Q9: 45042 | R9: Aetna | S9: TRUE | T9: 16593.84
A10: PID0009 | B10: Cardiac Catheterization | C10: Appendectomy | D10: South | E10: =SUMIFS('Billing Details'!T:T,'Billing Details'!D:D,'Billing Details'!$J$2,'Billing Details'!B:B,'Billing Details'!C10) * 100/ SUMIFS(I:I,'Billing Details'!D:D,'Billing Details'!$J$2,'Billing Details'!B:B,'Billing Details'!C10) -> 59.024537 | F10: ₹18000 | G10: 4 | H10: South | I10: =F10*G10 -> 72000 | O10: 461 | P10: 45101 | Q10: 45104 | R10: Aetna | S10: TRUE | T10: 52009.8
A11: PID0010 | B11: Surgery and Chemotherapy | C11: Angioplasty | D11: East | E11: =SUMIFS('Billing Details'!T:T,'Billing Details'!D:D,'Billing Details'!$J$2,'Billing Details'!B:B,'Billing Details'!C11) * 100/ SUMIFS(I:I,'Billing Details'!D:D,'Billing Details'!$J$2,'Billing Details'!B:B,'Billing Details'!C11) -> 49.071658 | F11: 25000 | G11: 10 | H11: East | I11: =F11*G11 -> 250000 | O11: 389 | P11: 44828 | Q11: 44831 | S11: FALSE
A12: PID0011 | B12: Appendectomy | C12: Insulin Therapy | D12: South | E12: =SUMIFS('Billing Details'!T:T,'Billing Details'!D:D,'Billing Details'!$J$2,'Billing Details'!B:B,'Billing Details'!C12) * 100/ SUMIFS(I:I,'Billing Details'!D:D,'Billing Details'!$J$2,'Billing Details'!B:B,'Billing Details'!C12) -> 53.977956 | F12: 8000 | G12: 2 | H12: South | I12: =F12*G12 -> 16000 | O12: 115 | P12: 44181 | Q12: 44184 | R12: Aetna | S12: TRUE | T12: 9710.78
A13: PID0012 | B13: Angioplasty | C13: Radiation Therapy | D13: South | E13: =SUMIFS('Billing Details'!T:T,'Billing Details'!D:D,'Billing Details'!$J$2,'Billing Details'!B:B,'Billing Details'!C13) * 100/ SUMIFS(I:I,'Billing Details'!D:D,'Billing Details'!$J$2,'Billing Details'!B:B,'Billing Details'!C13) -> 62.815815 | F13: 15000 | G13: 3 | H13: South | I13: =F13*G13 -> 45000 | O13: 252 | P13: 44486 | Q13: 44489 | R13: Blue Cross | S13: TRUE | T13: 38364.96
A14: PID0013 | B14: Lithotripsy | C14: Physical Therapy and Pain Management | D14: South | E14: =SUMIFS('Billing Details'!T:T,'Billing Details'!D:D,'Billing Details'!$J$2,'Billing Details'!B:B,'Billing Details'!C14) * 100/ SUMIFS(I:I,'Billing Details'!D:D,'Billing Details'!$J$2,'Billing Details'!B:B,'Billing Details'!C14) -> 55.527096 | F14: 6000 | G14: 3 | H14: South | I14: =F14*G14 -> 18000 | O14: 413 | P14: 44482 | Q14: 44486 | S14: FALSE
A15: PID0014 | B15: Insulin Therapy | C15: Antibiotics and Rest | D15: South | E15: =SUMIFS('Billing Details'!T:T,'Billing Details'!D:D,'Billing Details'!$J$2,'Billing Details'!B:B,'Billing Details'!C15) * 100/ SUMIFS(I:I,'Billing Details'!D:D,'Billing Details'!$J$2,'Billing Details'!B:B,'Billing Details'!C15) -> 54.988507 | F15: ₹2000 | G15: 7 | H15: South | I15: =F15*G15 -> 14000 | O15: 239 | P15: 43829 | Q15: 43835 | R15: Medicare | S15: TRUE | T15: 10220.91
A16: PID0015 | B16: Delivery and Postnatal Care | C16: Epinephrine Injection | D16: North | E16: =SUMIFS('Billing Details'!T:T,'Billing Details'!D:D,'Billing Details'!$J$2,'Billing Details'!B:B,'Billing Details'!C16) * 100/ SUMIFS(I:I,'Billing Details'!D:D,'Billing Details'!$J$2,'Billing Details'!B:B,'Billing Details'!C16) -> 55.400417 | F16: 12000 | G16: 5 | H16: North | I16: =F16*G16 -> 60000 | O16: 130 | P16: 44270 | Q16: 44272 | R16: Cigna | S16: TRUE | T16: 46847.1
A17: PID0016 | B17: Radiation Therapy | D17: West | E17: =SUMIFS('Billing Details'!T:T,'Billing Details'!D:D,'Billing Details'!$J$2,'Billing Details'!B:B,'Billing Details'!C17) * 100/ SUMIFS(I:I,'Billing Details'!D:D,'Billing Details'!$J$2,'Billing Details'!B:B,'Billing Details'!C17) -> #DIV/0! | F17: 20000 | G17: 12 | H17: West | I17: =F17*G17 -> 240000 | O17: 269 | P17: 45019 | Q17: 45023 | S17: FALSE
A18: PID0017 | B18: X-Ray and Splint | D18: South | E18: =SUMIFS('Billing Details'!T:T,'Billing Details'!D:D,'Billing Details'!$J$2,'Billing Details'!B:B,'Billing Details'!C18) * 100/ SUMIFS(I:I,'Billing Details'!D:D,'Billing Details'!$J$2,'Billing Details'!B:B,'Billing Details'!C18) -> #DIV/0! | F18: ₹500 | G18: 2 | H18: South | I18: =F18*G18 -> 1000 | O18: 155 | P18: 44970 | Q18: 44975 | S18: FALSE
A19: PID0018 | B19: Physical Therapy and Pain Management | D19: South | E19: =SUMIFS('Billing Details'!T:T,'Billing Details'!D:D,'Billing Details'!$J$2,'Billing Details'!B:B,'Billing Details'!C19) * 100/ SUMIFS(I:I,'Billing Details'!D:D,'Billing Details'!$J$2,'Billing Details'!B:B,'Billing Details'!C19) -> #DIV/0! | F19: 4000 | G19: 10 | H19: South | I19: =F19*G19 -> 40000 | O19: 479 | P19: 44232 | Q19: 44236 | R19: Cigna | S19: TRUE | T19: 21677.3
A20: PID0019 | B20: X-Ray and Splint | D20: South | E20: =SUMIFS('Billing Details'!T:T,'Billing Details'!D:D,'Billing Details'!$J$2,'Billing Details'!B:B,'Billing Details'!C20) * 100/ SUMIFS(I:I,'Billing Details'!D:D,'Billing Details'!$J$2,'Billing Details'!B:B,'Billing Details'!C20) -> #DIV/0! | F20: 500 | G20: 1 | H20: South | I20: =F20*G20 -> 500 | O20: 165 | P20: 43907 | Q20: 43909 | R20: UnitedHealthcare | S20: TRUE | T20: 399.98
A21: PID0020 | B21: Appendectomy | D21: West | E21: =SUMIFS('Billing Details'!T:T,'Billing Details'!D:D,'Billing Details'!$J$2,'Billing Details'!B:B,'Billing Details'!C21) * 100/ SUMIFS(I:I,'Billing Details'!D:D,'Billing Details'!$J$2,'Billing Details'!B:B,'Billing Details'!C21) -> #DIV/0! | F21: 8000 | G21: 3 | H21: West | I21: =F21*G21 -> 24000 | O21: 363 | P21: 43849 | Q21: 43855 | R21: Blue Cross | S21: TRUE | T21: 12575.07
A22: PID0021 | B22: Lithotripsy | D22: North | E22: =SUMIFS('Billing Details'!T:T,'Billing Details'!D:D,'Billing Details'!$J$2,'Billing Details'!B:B,'Billing Details'!C22) * 100/ SUMIFS(I:I,'Billing Details'!D:D,'Billing Details'!$J$2,'Billing Details'!B:B,'Billing Details'!C22) -> #DIV/0! | F22: 6000 | G22: 4 | H22: North | I22: =F22*G22 -> 24000 | O22: 496 | P22: 44487 | Q22: 44493 | R22: Medicare | S22: TRUE | T22: 19464.48
A23: PID0022 | B23: CT Scan and Medication | D23: South | E23: =SUMIFS('Billing Details'!T:T,'Billing Details'!D:D,'Billing Details'!$J$2,'Billing Details'!B:B,'Billing Details'!C23) * 100/ SUMIFS(I:I,'Billing Details'!D:D,'Billing Details'!$J$2,'Billing Details'!B:B,'Billing Details'!C23) -> #DIV/0! | F23: 10000 | G23: 2 | H23: South | I23: =F23*G23 -> 20000 | O23: 323 | P23: 44630 | Q23: 44636 | R23: UnitedHealthcare | S23: TRUE | T23: 15581.86
A24: PID0023 | B24: Radiation Therapy | D24: South | E24: =SUMIFS('Billing Details'!T:T,'Billing Details'!D:D,'Billing Details'!$J$2,'Billing Details'!B:B,'Billing Details'!C24) * 100/ SUMIFS(I:I,'Billing Details'!D:D,'Billing Details'!$J$2,'Billing Details'!B:B,'Billing Details'!C24) -> #DIV/0! | F24: 20000 | G24: 12 | H24: South | I24: =F24*G24 -> 240000 | O24: 128 | P24: 45127 | Q24: 45132 | S24: FALSE
A25: PID0024 | B25: Delivery and Postnatal Care | D25: West | E25: =SUMIFS('Billing Details'!T:T,'Billing Details'!D:D,'Billing Details'!$J$2,'Billing Details'!B:B,'Billing Details'!C25) * 100/ SUMIFS(I:I,'Billing Details'!D:D,'Billing Details'!$J$2,'Billing Details'!B:B,'Billing Details'!C25) -> #DIV/0! | F25: ₹12000 | G25: 5 | H25: West | I25: =F25*G25 -> 60000 | O25: 201 | P25: 44825 | Q25: 44831 | S25: FALSE
A26: PID0025 | B26: Medication and Counseling | D26: West | E26: =SUMIFS('Billing Details'!T:T,'Billing Details'!D:D,'Billing Details'!$J$2,'Billing Details'!B:B,'Billing Details'!C26) * 100/ SUMIFS(I:I,'Billing Details'!D:D,'Billing Details'!$J$2,'Billing Details'!B:B,'Billing Details'!C26) -> #DIV/0! | F26: 1000 | G26: 3 | H26: West | I26: =F26*G26 -> 3000 | O26: 467 | P26: 43947 | Q26: 43950 | R26: Medicare | S26: TRUE | T26: 2157.69
A27: PID0026 | B27: Cardiac Catheterization | D27: North | E27: =SUMIFS('Billing Details'!T:T,'Billing Details'!D:D,'Billing Details'!$J$2,'Billing Details'!B:B,'Billing Details'!C27) * 100/ SUMIFS(I:I,'Billing Details'!D:D,'Billing Details'!$J$2,'Billing Details'!B:B,'Billing Details'!C27) -> #DIV/0! | F27: 18000 | G27: 4 | H27: North | I27: =F27*G27 -> 72000 | O27: 197 | P27: 44279 | Q27: 44285 | R27: Blue Cross | S27: TRUE | T27: 42165.48
A28: PID0027 | B28: Delivery and Postnatal Care | D28: West | E28: =SUMIFS('Billing Details'!T:T,'Billing Details'!D:D,'Billing Details'!$J$2,'Billing Details'!B:B,'Billing Details'!C28) * 100/ SUMIFS(I:I,'Billing Details'!D:D,'Billing Details'!$J$2,'Billing Details'!B:B,'Billing Details'!C28) -> #DIV/0! | F28: 12000 | G28: 4 | H28: West | I28: =F28*G28 -> 48000 | O28: 366 | P28: 45011 | Q28: 45016 | S28: FALSE
A29: PID0028 | B29: Angioplasty | D29: South | E29: =SUMIFS('Billing Details'!T:T,'Billing Details'!D:D,'Billing Details'!$J$2,'Billing Details'!B:B,'Billing Details'!C29) * 100/ SUMIFS(I:I,'Billing Details'!D:D,'Billing Details'!$J$2,'Billing Details'!B:B,'Billing Details'!C29) -> #DIV/0! | F29: 15000 | G29: 3 | H29: South | I29: =F29*G29 -> 45000 | O29: 446 | P29: 45350 | Q29: 45356 | R29: Blue Cross | S29: TRUE | T29: 22743.99
A30: PID0029 | B30: Appendectomy | D30: North | E30: =SUMIFS('Billing Details'!T:T,'Billing Details'!D:D,'Billing Details'!$J$2,'Billing Details'!B:B,'Billing Details'!C30) * 100/ SUMIFS(I:I,'Billing Details'!D:D,'Billing Details'!$J$2,'Billing Details'!B:B,'Billing Details'!C30) -> #DIV/0! | F30: 8000 | G30: 2 | H30: North | I30: =F30*G30 -> 16000 | O30: 372 | P30: 44803 | Q30: 44805 | S30: FALSE
A31: PID0030 | B31: Angioplasty | D31: North | E31: =SUMIFS('Billing Details'!T:T,'Billing Details'!D:D,'Billing Details'!$J$2,'Billing Details'!B:B,'Billing Details'!C31) * 100/ SUMIFS(I:I,'Billing Details'!D:D,'Billing Details'!$J$2,'Billing Details'!B:B,'Billing Details'!C31) -> #DIV/0! | F31: 15000 | G31: 4 | H31: North | I31: =F31*G31 -> 60000 | O31: 175 | P31: 45045 | Q31: 45050 | R31: UnitedHealthcare | S31: TRUE | T31: 32726.64
A32: PID0031 | B32: Cast and Physical Therapy | D32: North | E32: =SUMIFS('Billing Details'!T:T,'Billing Details'!D:D,'Billing Details'!$J$2,'Billing Details'!B:B,'Billing Details'!C32) * 100/ SUMIFS(I:I,'Billing Details'!D:D,'Billing Details'!$J$2,'Billing Details'!B:B,'Billing Details'!C32) -> #DIV/0! | F32: ₹3000 | G32: 7 | H32: North | I32: =F32*G32 -> 21000 | O32: 240 | P32: 45310 | Q32: 45313 | R32: Medicare | S32: TRUE | T32: 15341.69
A33: PID0032 | B33: Angioplasty | D33: South | E33: =SUMIFS('Billing Details'!T:T,'Billing Details'!D:D,'Billing Details'!$J$2,'Billing Details'!B:B,'Billing Details'!C33) * 100/ SUMIFS(I:I,'Billing Details'!D:D,'Billing Details'!$J$2,'Billing Details'!B:B,'Billing Details'!C33) -> #DIV/0! | F33: 15000 | G33: 3 | H33: South | I33: =F33*G33 -> 45000 | O33: 286 | P33: 44241 | Q33: 44245 | S33: FALSE
A34: PID0033 | B34: Physical Therapy and Pain Management | D34: West | E34: =SUMIFS('Billing Details'!T:T,'Billing Details'!D:D,'Billing Details'!$J$2,'Billing Details'!B:B,'Billing Details'!C34) * 100/ SUMIFS(I:I,'Billing Details'!D:D,'Billing Details'!$J$2,'Billing Details'!B:B,'Billing Details'!C34) -> #DIV/0! | F34: 4000 | G34: 8 | H34: West | I34: =F34*G34 -> 32000 | O34: 324 | P34: 44045 | Q34: 44049 | R34: UnitedHealthcare | S34: TRUE | T34: 17963.44
A35: PID0034 | B35: Medication and Counseling | D35: North | E35: =SUMIFS('Billing Details'!T:T,'Billing Details'!D:D,'Billing Details'!$J$2,'Billing Details'!B:B,'Billing Details'!C35) * 100/ SUMIFS(I:I,'Billing Details'!D:D,'Billing Details'!$J$2,'Billing Details'!B:B,'Billing Details'!C35) -> #DIV/0! | F35: 1000 | G35: 3 | H35: North | I35: =F35*G35 -> 3000 | O35: 393 | P35: 44168 | Q35: 44174 | S35: FALSE
A36: PID0035 | B36: Insulin Therapy | D36: North | E36: =SUMIFS('Billing Details'!T:T,'Billing Details'!D:D,'Billing Details'!$J$2,'Billing Details'!B:B,'Billing Details'!C36) * 100/ SUMIFS(I:I,'Billing Details'!D:D,'Billing Details'!$J$2,'Billing Details'!B:B,'Billing Details'!C36) -> #DIV/0! | F36: 2000 | G36: 7 | H36: North | I36: =F36*G36 -> 14000 | O36: 231 | P36: 43781 | Q36: 43785 | R36: UnitedHealthcare | S36: TRUE | T36: 7827.47
A37: PID0036 | B37: Cast and Physical Therapy | D37: North | E37: =SUMIFS('Billing Details'!T:T,'Billing Details'!D:D,'Billing Details'!$J$2,'Billing Details'!B:B,'Billing Details'!C37) * 100/ SUMIFS(I:I,'Billing Details'!D:D,'Billing Details'!$J$2,'Billing Details'!B:B,'Billing Details'!C37) -> #DIV/0! | F37: 3000 | G37: 6 | H37: North | I37: =F37*G37 -> 18000 | O37: 244 | P37: 44150 | Q37: 44155 | R37: Medicare | S37: TRUE | T37: 13659.84
A38: PID0037 | B38: CT Scan and Medication | D38: West | E38: =SUMIFS('Billing Details'!T:T,'Billing Details'!D:D,'Billing Details'!$J$2,'Billing Details'!B:B,'Billing Details'!C38) * 100/ SUMIFS(I:I,'Billing Details'!D:D,'Billing Details'!$J$2,'Billing Details'!B:B,'Billing Details'!C38) -> #DIV/0! | F38: 10000 | G38: 3 | H38: West | I38: =F38*G38 -> 30000 | O38: 178 | P38: 43814 | Q38: 43820 | R38: Aetna | S38: TRUE | T38: 23257.38
A39: PID0038 | B39: CT Scan and Medication | D39: South | E39: =SUMIFS('Billing Details'!T:T,'Billing Details'!D:D,'Billing Details'!$J$2,'Billing Details'!B:B,'Billing Details'!C39) * 100/ SUMIFS(I:I,'Billing Details'!D:D,'Billing Details'!$J$2,'Billing Details'!B:B,'Billing Details'!C39) -> #DIV/0! | F39: 10000 | G39: 2 | H39: South | I39: =F39*G39 -> 20000 | O39: 302 | P39: 44205 | Q39: 44209 | R39: Aetna | S39: TRUE | T39: 15921.2
A40: PID0039 | B40: Radiation Therapy | D40: West | E40: =SUMIFS('Billing Details'!T:T,'Billing Details'!D:D,'Billing Details'!$J$2,'Billing Details'!B:B,'Billing Details'!C40) * 100/ SUMIFS(I:I,'Billing Details'!D:D,'Billing Details'!$J$2,'Billing Details'!B:B,'Billing Details'!C40) -> #DIV/0! | F40: 20000 | G40: 10 | H40: West | I40: =F40*G40 -> 200000 | O40: 207 | P40: 45125 | Q40: 45128 | S40: FALSE
A41: PID0040 | B41: CT Scan and Medication | D41: South | E41: =SUMIFS('Billing Details'!T:T,'Billing Details'!D:D,'Billing Details'!$J$2,'Billing Details'!B:B,'Billing Details'!C41) * 100/ SUMIFS(I:I,'Billing Details'!D:D,'Billing Details'!$J$2,'Billing Details'!B:B,'Billing Details'!C41) -> #DIV/0! | F41: ₹10000 | G41: 2 | H41: South | I41: =F41*G41 -> 20000 | O41: 206 | P41: 44971 | Q41: 44973 | R41: Blue Cross | S41: TRUE | T41: 13998.94
A42: PID0041 | B42: Radiation Therapy | D42: West | E42: =SUMIFS('Billing Details'!T:T,'Billing Details'!D:D,'Billing Details'!$J$2,'Billing Details'!B:B,'Billing Details'!C42) * 100/ SUMIFS(I:I,'Billing Details'!D:D,'Billing Details'!$J$2,'Billing Details'!B:B,'Billing Details'!C42) -> #DIV/0! | F42: 20000 | G42: 12 | H42: West | I42: =F42*G42 -> 240000 | O42: 225 | P42: 45092 | Q42: 45094 | R42: Cigna | S42: TRUE | T42: 148902.72
A43: PID0042 | B43: Cardiac Catheterization | D43: West | E43: =SUMIFS('Billing Details'!T:T,'Billing Details'!D:D,'Billing Details'!$J$2,'Billing Details'!B:B,'Billing Details'!C43) * 100/ SUMIFS(I:I,'Billing Details'!D:D,'Billing Details'!$J$2,'Billing Details'!B:B,'Billing Details'!C43) -> #DIV/0! | F43: 18000 | G43: 4 | H43: West | I43: =F43*G43 -> 72000 | O43: 306 | P43: 45210 | Q43: 45215 | R43: Aetna | S43: TRUE | T43: 50448.4
A44: PID0043 | B44: Cardiac Catheterization | D44: East | E44: =SUMIFS('Billing Details'!T:T,'Billing Details'!D:D,'Billing Details'!$J$2,'Billing Details'!B:B,'Billing Details'!C44) * 100/ SUMIFS(I:I,'Billing Details'!D:D,'Billing Details'!$J$2,'Billing Details'!B:B,'Billing Details'!C44) -> #DIV/0! | F44: 18000 | G44: 5 | H44: East | I44: =F44*G44 -> 90000 | O44: 180 | P44: 44096 | Q44: 44100 | R44: Medicare | S44: TRUE | T44: 69839.15
A45: PID0044 | B45: Lithotripsy | D45: West | E45: =SUMIFS('Billing Details'!T:T,'Billing Details'!D:D,'Billing Details'!$J$2,'Billing Details'!B:B,'Billing Details'!C45) * 100/ SUMIFS(I:I,'Billing Details'!D:D,'Billing Details'!$J$2,'Billing Details'!B:B,'Billing Details'!C45) -> #DIV/0! | F45: 6000 | G45: 4 | H45: West | I45: =F45*G45 -> 24000 | O45: 324 | P45: 44802 | Q45: 44805 | R45: Medicare | S45: TRUE | T45: 20413.2
A46: PID0045 | B46: Cast and Physical Therapy | D46: North | E46: =SUMIFS('Billing Details'!T:T,'Billing Details'!D:D,'Billing Details'!$J$2,'Billing Details'!B:B,'Billing Details'!C46) * 100/ SUMIFS(I:I,'Billing Details'!D:D,'Billing Details'!$J$2,'Billing Details'!B:B,'Billing Details'!C46) -> #DIV/0! | F46: 3000 | G46: 7 | H46: North | I46: =F46*G46 -> 21000 | O46: 287 | P46: 44819 | Q46: 44823 | R46: Blue Cross | S46: TRUE | T46: 15544.83
A47: PID0046 | B47: Appendectomy | D47: South | E47: =SUMIFS('Billing Details'!T:T,'Billing Details'!D:D,'Billing Details'!$J$2,'Billing Details'!B:B,'Billing Details'!C47) * 100/ SUMIFS(I:I,'Billing Details'!D:D,'Billing Details'!$J$2,'Billing Details'!B:B,'Billing Details'!C47) -> #DIV/0! | F47: ₹8000 | G47: 3 | H47: South | I47: =F47*G47 -> 24000 | O47: 453 | P47: 45296 | Q47: 45302 | R47: Blue Cross | S47: TRUE | T47: 16811.1
A48: PID0047 | B48: Antibiotics and Rest | D48: South | E48: =SUMIFS('Billing Details'!T:T,'Billing Details'!D:D,'Billing Details'!$J$2,'Billing Details'!B:B,'Billing Details'!C48) * 100/ SUMIFS(I:I,'Billing Details'!D:D,'Billing Details'!$J$2,'Billing Details'!B:B,'Billing Details'!C48) -> #DIV/0! | F48: 800 | G48: 1 | H48: South | I48: =F48*G48 -> 800 | O48: 177 | P48: 44134 | Q48: 44140 | R48: UnitedHealthcare | S48: TRUE | T48: 621.45
A49: PID0048 | B49: Radiation Therapy | D49: West | E49: =SUMIFS('Billing Details'!T:T,'Billing Details'!D:D,'Billing Details'!$J$2,'Billing Details'!B:B,'Billing Details'!C49) * 100/ SUMIFS(I:I,'Billing Details'!D:D,'Billing Details'!$J$2,'Billing Details'!B:B,'Billing Details'!C49) -> #DIV/0! | F49: 20000 | G49: 15 | H49: West | I49: =F49*G49 -> 300000 | O49: 248 | P49: 45405 | Q49: 45410 | R49: Medicare | S49: TRUE | T49: 189845.85
A50: PID0049 | B50: Antibiotics and Rest | D50: South | E50: =SUMIFS('Billing Details'!T:T,'Billing Details'!D:D,'Billing Details'!$J$2,'Billing Details'!B:B,'Billing Details'!C50) * 100/ SUMIFS(I:I,'Billing Details'!D:D,'Billing Details'!$J$2,'Billing Details'!B:B,'Billing Details'!C50) -> #DIV/0! | F50: ₹800 | G50: 2 | H50: South | I50: =F50*G50 -> 1600 | O50: 299 | P50: 43916 | Q50: 43921 | R50: Blue Cross | S50: TRUE | T50: 1130.6
A51: PID0050 | B51: Delivery and Postnatal Care | D51: East | E51: =SUMIFS('Billing Details'!T:T,'Billing Details'!D:D,'Billing Details'!$J$2,'Billing Details'!B:B,'Billing Details'!C51) * 100/ SUMIFS(I:I,'Billing Details'!D:D,'Billing Details'!$J$2,'Billing Details'!B:B,'Billing Details'!C51) -> #DIV/0! | F51: 12000 | G51: 5 | H51: East | I51: =F51*G51 -> 60000 | O51: 402 | P51: 44669 | Q51: 44672 | R51: Aetna | S51: TRUE | T51: 43051.95
A52: PID0051 | B52: Cardiac Catheterization | D52: West | E52: =SUMIFS('Billing Details'!T:T,'Billing Details'!D:D,'Billing Details'!$J$2,'Billing Details'!B:B,'Billing Details'!C52) * 100/ SUMIFS(I:I,'Billing Details'!D:D,'Billing Details'!$J$2,'Billing Details'!B:B,'Billing Details'!C52) -> #DIV/0! | F52: 18000 | G52: 4 | H52: West | I52: =F52*G52 -> 72000 | O52: 366 | P52: 44437 | Q52: 44443 | R52: Aetna | S52: TRUE | T52: 48472.96
A53: PID0052 | B53: Epinephrine Injection | D53: West | E53: =SUMIFS('Billing Details'!T:T,'Billing Details'!D:D,'Billing Details'!$J$2,'Billing Details'!B:B,'Billing Details'!C53) * 100/ SUMIFS(I:I,'Billing Details'!D:D,'Billing Details'!$J$2,'Billing Details'!B:B,'Billing Details'!C53) -> #DIV/0! | F53: 100 | G53: 1 | H53: West | I53: =F53*G53 -> 100 | O53: 201 | P53: 44825 | Q53: 44829 | R53: Cigna | S53: TRUE | T53: 81.36
A54: PID0053 | B54: Lithotripsy | D54: West | E54: =SUMIFS('Billing Details'!T:T,'Billing Details'!D:D,'Billing Details'!$J$2,'Billing Details'!B:B,'Billing Details'!C54) * 100/ SUMIFS(I:I,'Billing Details'!D:D,'Billing Details'!$J$2,'Billing Details'!B:B,'Billing Details'!C54) -> #DIV/0! | F54: 6000 | G54: 4 | H54: West | I54: =F54*G54 -> 24000 | O54: 328 | P54: 43863 | Q54: 43868 | R54: UnitedHealthcare | S54: TRUE | T54: 19986.12
A55: PID0054 | B55: Epinephrine Injection | D55: West | E55: =SUMIFS('Billing Details'!T:T,'Billing Details'!D:D,'Billing Details'!$J$2,'Billing Details'!B:B,'Billing Details'!C55) * 100/ SUMIFS(I:I,'Billing Details'!D:D,'Billing Details'!$J$2,'Billing Details'!B:B,'Billing Details'!C55) -> #DIV/0! | F55: 100 | G55: 1 | H55: West | I55: =F55*G55 -> 100 | O55: 364 | P55: 45077 | Q55: 45083 | R55: UnitedHealthcare | S55: TRUE | T55: 74.3
A56: PID0055 | B56: Delivery and Postnatal Care | D56: North | E56: =SUMIFS('Billing Details'!T:T,'Billing Details'!D:D,'Billing Details'!$J$2,'Billing Details'!B:B,'Billing Details'!C56) * 100/ SUMIFS(I:I,'Billing Details'!D:D,'Billing Details'!$J$2,'Billing Details'!B:B,'Billing Details'!C56) -> #DIV/0! | F56: ₹12000 | G56: 5 | H56: North | I56: =F56*G56 -> 60000 | O56: 259 | P56: 44866 | Q56: 44870 | R56: Medicare | S56: TRUE | T56: 49152.2
A57: PID0056 | B57: Delivery and Postnatal Care | D57: North | E57: =SUMIFS('Billing Details'!T:T,'Billing Details'!D:D,'Billing Details'!$J$2,'Billing Details'!B:B,'Billing Details'!C57) * 100/ SUMIFS(I:I,'Billing Details'!D:D,'Billing Details'!$J$2,'Billing Details'!B:B,'Billing Details'!C57) -> #DIV/0! | F57: 12000 | G57: 4 | H57: North | I57: =F57*G57 -> 48000 | O57: 491 | P57: 43715 | Q57: 43718 | S57: FALSE
A58: PID0057 | B58: X-Ray and Splint | D58: North | E58: =SUMIFS('Billing Details'!T:T,'Billing Details'!D:D,'Billing Details'!$J$2,'Billing Details'!B:B,'Billing Details'!C58) * 100/ SUMIFS(I:I,'Billing Details'!D:D,'Billing Details'!$J$2,'Billing Details'!B:B,'Billing Details'!C58) -> #DIV/0! | F58: ₹500 | G58: 1 | H58: North | I58: =F58*G58 -> 500 | O58: 374 | P58: 44321 | Q58: 44327 | R58: Blue Cross | S58: TRUE | T58: 301.31
A59: PID0058 | B59: Cardiac Catheterization | D59: South | E59: =SUMIFS('Billing Details'!T:T,'Billing Details'!D:D,'Billing Details'!$J$2,'Billing Details'!B:B,'Billing Details'!C59) * 100/ SUMIFS(I:I,'Billing Details'!D:D,'Billing Details'!$J$2,'Billing Details'!B:B,'Billing Details'!C59) -> #DIV/0! | F59: 18000 | G59: 5 | H59: South | I59: =F59*G59 -> 90000 | O59: 139 | P59: 44806 | Q59: 44811 | R59: UnitedHealthcare | S59: TRUE | T59: 55462.05
A60: PID0059 | B60: Cardiac Catheterization | D60: South | E60: =SUMIFS('Billing Details'!T:T,'Billing Details'!D:D,'Billing Details'!$J$2,'Billing Details'!B:B,'Billing Details'!C60) * 100/ SUMIFS(I:I,'Billing Details'!D:D,'Billing Details'!$J$2,'Billing Details'!B:B,'Billing Details'!C60) -> #DIV/0! | F60: 18000 | G60: 4 | H60: South | I60: =F60*G60 -> 72000 | O60: 445 | P60: 45347 | Q60: 45352 | R60: Blue Cross | S60: TRUE | T60: 51611.56
A61: PID0060 | B61: Antibiotics and Rest | D61: North | E61: =SUMIFS('Billing Details'!T:T,'Billing Details'!D:D,'Billing Details'!$J$2,'Billing Details'!B:B,'Billing Details'!C61) * 100/ SUMIFS(I:I,'Billing Details'!D:D,'Billing Details'!$J$2,'Billing Details'!B:B,'Billing Details'!C61) -> #DIV/0! | F61: 800 | G61: 1 | H61: North | I61: =F61*G61 -> 800 | O61: 409 | P61: 43599 | Q61: 43603 | S61: FALSE
A62: PID0061 | B62: Insulin Therapy | D62: North | E62: =SUMIFS('Billing Details'!T:T,'Billing Details'!D:D,'Billing Details'!$J$2,'Billing Details'!B:B,'Billing Details'!C62) * 100/ SUMIFS(I:I,'Billing Details'!D:D,'Billing Details'!$J$2,'Billing Details'!B:B,'Billing Details'!C62) -> #DIV/0! | F62: 2000 | G62: 7 | H62: North | I62: =F62*G62 -> 14000 | O62: 134 | P62: 44742 | Q62: 44745 | R62: Blue Cross | S62: TRUE | T62: 8311.31
A63: PID0062 | B63: Angioplasty | D63: North | E63: =SUMIFS('Billing Details'!T:T,'Billing Details'!D:D,'Billing Details'!$J$2,'Billing Details'!B:B,'Billing Details'!C63) * 100/ SUMIFS(I:I,'Billing Details'!D:D,'Billing Details'!$J$2,'Billing Details'!B:B,'Billing Details'!C63) -> #DIV/0! | F63: 15000 | G63: 5 | H63: North | I63: =F63*G63 -> 75000 | O63: 401 | P63: 44468 | Q63: 44473 | R63: Medicare | S63: TRUE | T63: 67475.95
A64: PID0063 | B64: Angioplasty | D64: West | E64: =SUMIFS('Billing Details'!T:T,'Billing Details'!D:D,'Billing Details'!$J$2,'Billing Details'!B:B,'Billing Details'!C64) * 100/ SUMIFS(I:I,'Billing Details'!D:D,'Billing Details'!$J$2,'Billing Details'!B:B,'Billing Details'!C64) -> #DIV/0! | F64: 15000 | G64: 3 | H64: West | I64: =F64*G64 -> 45000 | O64: 476 | P64: 44117 | Q64: 44121 | R64: Blue Cross | S64: TRUE | T64: 24489.69
A65: PID0064 | B65: Epinephrine Injection | D65: West | E65: =SUMIFS('Billing Details'!T:T,'Billing Details'!D:D,'Billing Details'!$J$2,'Billing Details'!B:B,'Billing Details'!C65) * 100/ SUMIFS(I:I,'Billing Details'!D:D,'Billing Details'!$J$2,'Billing Details'!B:B,'Billing Details'!C65) -> #DIV/0! | F65: 100 | G65: 1 | H65: West | I65: =F65*G65 -> 100 | O65: 274 | P65: 43632 | Q65: 43635 | R65: Cigna | S65: TRUE | T65: 53.04
A66: PID0065 | B66: Physical Therapy and Pain Management | D66: West | E66: =SUMIFS('Billing Details'!T:T,'Billing Details'!D:D,'Billing Details'!$J$2,'Billing Details'!B:B,'Billing Details'!C66) * 100/ SUMIFS(I:I,'Billing Details'!D:D,'Billing Details'!$J$2,'Billing Details'!B:B,'Billing Details'!C66) -> #DIV/0! | F66: 4000 | G66: 8 | H66: West | I66: =F66*G66 -> 32000 | O66: 231 | P66: 44590 | Q66: 44592 | R66: UnitedHealthcare | S66: TRUE | T66: 18466.8
A67: PID0066 | B67: Cast and Physical Therapy | D67: West | E67: =SUMIFS('Billing Details'!T:T,'Billing Details'!D:D,'Billing Details'!$J$2,'Billing Details'!B:B,'Billing Details'!C67) * 100/ SUMIFS(I:I,'Billing Details'!D:D,'Billing Details'!$J$2,'Billing Details'!B:B,'Billing Details'!C67) -> #DIV/0! | F67: 3000 | G67: 6 | H67: West | I67: =F67*G67 -> 18000 | O67: 386 | P67: 44770 | Q67: 44775 | R67: Cigna | S67: TRUE | T67: 13355.64
A68: PID0067 | B68: Radiation Therapy | D68: North | E68: =SUMIFS('Billing Details'!T:T,'Billing Details'!D:D,'Billing Details'!$J$2,'Billing Details'!B:B,'Billing Details'!C68) * 100/ SUMIFS(I:I,'Billing Details'!D:D,'Billing Details'!$J$2,'Billing Details'!B:B,'Billing Details'!C68) -> #DIV/0! | F68: 20000 | G68: 10 | H68: North | I68: =F68*G68 -> 200000 | O68: 206 | P68: 44349 | Q68: 44351 | S68: FALSE
A69: PID0068 | B69: CT Scan and Medication | D69: South | E69: =SUMIFS('Billing Details'!T:T,'Billing Details'!D:D,'Billing Details'!$J$2,'Billing Details'!B:B,'Billing Details'!C69) * 100/ SUMIFS(I:I,'Billing Details'!D:D,'Billing Details'!$J$2,'Billing Details'!B:B,'Billing Details'!C69) -> #DIV/0! | F69: ₹10000 | G69: 2 | H69: South | I69: =F69*G69 -> 20000 | O69: 364 | P69: 44085 | Q69: 44087 | R69: Aetna | S69: TRUE | T69: 17169.96
A70: PID0069 | B70: Surgery and Chemotherapy | D70: West | E70: =SUMIFS('Billing Details'!T:T,'Billing Details'!D:D,'Billing Details'!$J$2,'Billing Details'!B:B,'Billing Details'!C70) * 100/ SUMIFS(I:I,'Billing Details'!D:D,'Billing Details'!$J$2,'Billing Details'!B:B,'Billing Details'!C70) -> #DIV/0! | F70: 25000 | G70: 10 | H70: West | I70: =F70*G70 -> 250000 | O70: 289 | P70: 44229 | Q70: 44234 | R70: Aetna | S70: TRUE | T70: 174255.5
A71: PID0070 | B71: Radiation Therapy | D71: North | E71: =SUMIFS('Billing Details'!T:T,'Billing Details'!D:D,'Billing Details'!$J$2,'Billing Details'!B:B,'Billing Details'!C71) * 100/ SUMIFS(I:I,'Billing Details'!D:D,'Billing Details'!$J$2,'Billing Details'!B:B,'Billing Details'!C71) -> #DIV/0! | F71: 20000 | G71: 12 | H71: North | I71: =F71*G71 -> 240000 | O71: 269 | P71: 43810 | Q71: 43816 | R71: Medicare | S71: TRUE | T71: 208135.44
A72: PID0071 | B72: Epinephrine Injection | D72: South | E72: =SUMIFS('Billing Details'!T:T,'Billing Details'!D:D,'Billing Details'!$J$2,'Billing Details'!B:B,'Billing Details'!C72) * 100/ SUMIFS(I:I,'Billing Details'!D:D,'Billing Details'!$J$2,'Billing Details'!B:B,'Billing Details'!C72) -> #DIV/0! | F72: 100 | G72: 1 | H72: South | I72: =F72*G72 -> 100 | O72: 155 | P72: 44318 | Q72: 44322 | R72: Cigna | S72: TRUE | T72: 77.96
A73: PID0072 | B73: Cast and Physical Therapy | D73: West | E73: =SUMIFS('Billing Details'!T:T,'Billing Details'!D:D,'Billing Details'!$J$2,'Billing Details'!B:B,'Billing Details'!C73) * 100/ SUMIFS(I:I,'Billing Details'!D:D,'Billing Details'!$J$2,'Billing Details'!B:B,'Billing Details'!C73) -> #DIV/0! | F73: 3000 | G73: 6 | H73: West | I73: =F73*G73 -> 18000 | O73: 275 | P73: 44013 | Q73: 44019 | R73: Medicare | S73: TRUE | T73: 10770.36
A74: PID0073 | B74: Delivery and Postnatal Care | D74: West | E74: =SUMIFS('Billing Details'!T:T,'Billing Details'!D:D,'Billing Details'!$J$2,'Billing Details'!B:B,'Billing Details'!C74) * 100/ SUMIFS(I:I,'Billing Details'!D:D,'Billing Details'!$J$2,'Billing Details'!B:B,'Billing Details'!C74) -> #DIV/0! | F74: 12000 | G74: 5 | H74: West | I74: =F74*G74 -> 60000 | O74: 136 | P74: 44696 | Q74: 44700 | R74: Blue Cross | S74: TRUE | T74: 30738.95
A75: PID0074 | B75: Epinephrine Injection | D75: South | E75: =SUMIFS('Billing Details'!T:T,'Billing Details'!D:D,'Billing Details'!$J$2,'Billing Details'!B:B,'Billing Details'!C75) * 100/ SUMIFS(I:I,'Billing Details'!D:D,'Billing Details'!$J$2,'Billing Details'!B:B,'Billing Details'!C75) -> #DIV/0! | F75: 100 | G75: 1 | H75: South | I75: =F75*G75 -> 100 | O75: 390 | P75: 44393 | Q75: 44397 | R75: Cigna | S75: TRUE | T75: 56.05
A76: PID0075 | B76: Delivery and Postnatal Care | D76: South | E76: =SUMIFS('Billing Details'!T:T,'Billing Details'!D:D,'Billing Details'!$J$2,'Billing Details'!B:B,'Billing Details'!C76) * 100/ SUMIFS(I:I,'Billing Details'!D:D,'Billing Details'!$J$2,'Billing Details'!B:B,'Billing Details'!C76) -> #DIV/0! | F76: 12000 | G76: 4 | H76: South | I76: =F76*G76 -> 48000 | O76: 415 | P76: 43958 | Q76: 43961 | S76: FALSE
A77: PID0076 | B77: Radiation Therapy | D77: East | E77: =SUMIFS('Billing Details'!T:T,'Billing Details'!D:D,'Billing Details'!$J$2,'Billing Details'!B:B,'Billing Details'!C77) * 100/ SUMIFS(I:I,'Billing Details'!D:D,'Billing Details'!$J$2,'Billing Details'!B:B,'Billing Details'!C77) -> #DIV/0! | F77: ₹20000 | G77: 15 | H77: East | I77: =F77*G77 -> 300000 | O77: 333 | P77: 45308 | Q77: 45313 | R77: Blue Cross | S77: TRUE | T77: 174141.6
A78: PID0077 | B78: Surgery and Chemotherapy | D78: South | E78: =SUMIFS('Billing Details'!T:T,'Billing Details'!D:D,'Billing Details'!$J$2,'Billing Details'!B:B,'Billing Details'!C78) * 100/ SUMIFS(I:I,'Billing Details'!D:D,'Billing Details'!$J$2,'Billing Details'!B:B,'Billing Details'!C78) -> #DIV/0! | F78: 25000 | G78: 12 | H78: South | I78: =F78*G78 -> 300000 | O78: 488 | P78: 44383 | Q78: 44388 | R78: Cigna | S78: TRUE | T78: 217453.08
A79: PID0078 | B79: Epinephrine Injection | D79: North | E79: =SUMIFS('Billing Details'!T:T,'Billing Details'!D:D,'Billing Details'!$J$2,'Billing Details'!B:B,'Billing Details'!C79) * 100/ SUMIFS(I:I,'Billing Details'!D:D,'Billing Details'!$J$2,'Billing Details'!B:B,'Billing Details'!C79) -> #DIV/0! | F79: 100 | G79: 1 | H79: North | I79: =F79*G79 -> 100 | O79: 268 | P79: 44907 | Q79: 44911 | S79: FALSE
A80: PID0079 | B80: Cast and Physical Therapy | D80: North | E80: =SUMIFS('Billing Details'!T:T,'Billing Details'!D:D,'Billing Details'!$J$2,'Billing Details'!B:B,'Billing Details'!C80) * 100/ SUMIFS(I:I,'Billing Details'!D:D,'Billing Details'!$J$2,'Billing Details'!B:B,'Billing Details'!C80) -> #DIV/0! | F80: ₹3000 | G80: 6 | H80: North | I80: =F80*G80 -> 18000 | O80: 327 | P80: 45078 | Q80: 45080 | R80: UnitedHealthcare | S80: TRUE | T80: 14773.74
A81: PID0080 | B81: Angioplasty | D81: West | E81: =SUMIFS('Billing Details'!T:T,'Billing Details'!D:D,'Billing Details'!$J$2,'Billing Details'!B:B,'Billing Details'!C81) * 100/ SUMIFS(I:I,'Billing Details'!D:D,'Billing Details'!$J$2,'Billing Details'!B:B,'Billing Details'!C81) -> #DIV/0! | F81: 15000 | G81: 5 | H81: West | I81: =F81*G81 -> 75000 | O81: 374 | P81: 44536 | Q81: 44538 | R81: Cigna | S81: TRUE | T81: 44458.25
A82: PID0081 | B82: Angioplasty | D82: South | E82: =SUMIFS('Billing Details'!T:T,'Billing Details'!D:D,'Billing Details'!$J$2,'Billing Details'!B:B,'Billing Details'!C82) * 100/ SUMIFS(I:I,'Billing Details'!D:D,'Billing Details'!$J$2,'Billing Details'!B:B,'Billing Details'!C82) -> #DIV/0! | F82: 15000 | G82: 3 | H82: South | I82: =F82*G82 -> 45000 | O82: 125 | P82: 45370 | Q82: 45374 | R82: UnitedHealthcare | S82: TRUE | T82: 28657.98
A83: PID0082 | B83: Surgery and Chemotherapy | D83: East | E83: =SUMIFS('Billing Details'!T:T,'Billing Details'!D:D,'Billing Details'!$J$2,'Billing Details'!B:B,'Billing Details'!C83) * 100/ SUMIFS(I:I,'Billing Details'!D:D,'Billing Details'!$J$2,'Billing Details'!B:B,'Billing Details'!C83) -> #DIV/0! | F83: ₹25000 | G83: 10 | H83: East | I83: =F83*G83 -> 250000 | O83: 333 | P83: 44632 | Q83: 44634 | S83: FALSE
A84: PID0083 | B84: Epinephrine Injection | D84: South | E84: =SUMIFS('Billing Details'!T:T,'Billing Details'!D:D,'Billing Details'!$J$2,'Billing Details'!B:B,'Billing Details'!C84) * 100/ SUMIFS(I:I,'Billing Details'!D:D,'Billing Details'!$J$2,'Billing Details'!B:B,'Billing Details'!C84) -> #DIV/0! | F84: ₹100 | G84: 1 | H84: South | I84: =F84*G84 -> 100 | O84: 378 | P84: 44952 | Q84: 44956 | R84: UnitedHealthcare | S84: TRUE | T84: 88.17
A85: PID0084 | B85: Medication and Counseling | D85: South | E85: =SUMIFS('Billing Details'!T:T,'Billing Details'!D:D,'Billing Details'!$J$2,'Billing Details'!B:B,'Billing Details'!C85) * 100/ SUMIFS(I:I,'Billing Details'!D:D,'Billing Details'!$J$2,'Billing Details'!B:B,'Billing Details'!C85) -> #DIV/0! | F85: ₹1000 | G85: 3 | H85: South | I85: =F85*G85 -> 3000 | O85: 297 | P85: 44167 | Q85: 44171 | R85: UnitedHealthcare | S85: TRUE | T85: 1770.51
A86: PID0085 | B86: Insulin Therapy | D86: South | E86: =SUMIFS('Billing Details'!T:T,'Billing Details'!D:D,'Billing Details'!$J$2,'Billing Details'!B:B,'Billing Details'!C86) * 100/ SUMIFS(I:I,'Billing Details'!D:D,'Billing Details'!$J$2,'Billing Details'!B:B,'Billing Details'!C86) -> #DIV/0! | F86: 2000 | G86: 7 | H86: South | I86: =F86*G86 -> 14000 | O86: 432 | P86: 43818 | Q86: 43824 | R86: Cigna | S86: TRUE | T86: 8718.22
A87: PID0086 | B87: Appendectomy | D87: West | E87: =SUMIFS('Billing Details'!T:T,'Billing Details'!D:D,'Billing Details'!$J$2,'Billing Details'!B:B,'Billing Details'!C87) * 100/ SUMIFS(I:I,'Billing Details'!D:D,'Billing Details'!$J$2,'Billing Details'!B:B,'Billing Details'!C87) -> #DIV/0! | F87: 8000 | G87: 4 | H87: West | I87: =F87*G87 -> 32000 | O87: 366 | P87: 43945 | Q87: 43950 | S87: FALSE
A88: PID0087 | B88: Surgery and Chemotherapy | D88: North | E88: =SUMIFS('Billing Details'!T:T,'Billing Details'!D:D,'Billing Details'!$J$2,'Billing Details'!B:B,'Billing Details'!C88) * 100/ SUMIFS(I:I,'Billing Details'!D:D,'Billing Details'!$J$2,'Billing Details'!B:B,'Billing Details'!C88) -> #DIV/0! | F88: 25000 | G88: 10 | H88: North | I88: =F88*G88 -> 250000 | O88: 374 | P88: 44215 | Q88: 44220 | R88: Cigna | S88: TRUE | T88: 125433.3
A89: PID0088 | B89: Antibiotics and Rest | D89: South | E89: =SUMIFS('Billing Details'!T:T,'Billing Details'!D:D,'Billing Details'!$J$2,'Billing Details'!B:B,'Billing Details'!C89) * 100/ SUMIFS(I:I,'Billing Details'!D:D,'Billing Details'!$J$2,'Billing Details'!B:B,'Billing Details'!C89) -> #DIV/0! | F89: 800 | G89: 1 | H89: South | I89: =F89*G89 -> 800 | O89: 187 | P89: 45147 | Q89: 45152 | R89: Medicare | S89: TRUE | T89: 714.99
A90: PID0089 | B90: Cardiac Catheterization | D90: North | E90: =SUMIFS('Billing Details'!T:T,'Billing Details'!D:D,'Billing Details'!$J$2,'Billing Details'!B:B,'Billing Details'!C90) * 100/ SUMIFS(I:I,'Billing Details'!D:D,'Billing Details'!$J$2,'Billing Details'!B:B,'Billing Details'!C90) -> #DIV/0! | F90: 18000 | G90: 4 | H90: North | I90: =F90*G90 -> 72000 | O90: 440 | P90: 45193 | Q90: 45197 | R90: Aetna | S90: TRUE | T90: 57203.6
A91: PID0090 | B91: CT Scan and Medication | D91: South | E91: =SUMIFS('Billing Details'!T:T,'Billing Details'!D:D,'Billing Details'!$J$2,'Billing Details'!B:B,'Billing Details'!C91) * 100/ SUMIFS(I:I,'Billing Details'!D:D,'Billing Details'!$J$2,'Billing Details'!B:B,'Billing Details'!C91) -> #DIV/0! | F91: 10000 | G91: 2 | H91: South | I91: =F91*G91 -> 20000 | O91: 387 | P91: 44455 | Q91: 44458 | R91: Medicare | S91: TRUE | T91: 10879.14
A92: PID0091 | B92: X-Ray and Splint | D92: West | E92: =SUMIFS('Billing Details'!T:T,'Billing Details'!D:D,'Billing Details'!$J$2,'Billing Details'!B:B,'Billing Details'!C92) * 100/ SUMIFS(I:I,'Billing Details'!D:D,'Billing Details'!$J$2,'Billing Details'!B:B,'Billing Details'!C92) -> #DIV/0! | F92: 500 | G92: 1 | H92: West | I92: =F92*G92 -> 500 | O92: 334 | P92: 43827 | Q92: 43830 | R92: UnitedHealthcare | S92: TRUE | T92: 372.41
A93: PID0092 | B93: Lithotripsy | D93: North | E93: =SUMIFS('Billing Details'!T:T,'Billing Details'!D:D,'Billing Details'!$J$2,'Billing Details'!B:B,'Billing Details'!C93) * 100/ SUMIFS(I:I,'Billing Details'!D:D,'Billing Details'!$J$2,'Billing Details'!B:B,'Billing Details'!C93) -> #DIV/0! | F93: ₹6000 | G93: 3 | H93: North | I93: =F93*G93 -> 18000 | O93: 484 | P93: 43866 | Q93: 43868 | S93: FALSE
A94: PID0093 | B94: Insulin Therapy | D94: North | E94: =SUMIFS('Billing Details'!T:T,'Billing Details'!D:D,'Billing Details'!$J$2,'Billing Details'!B:B,'Billing Details'!C94) * 100/ SUMIFS(I:I,'Billing Details'!D:D,'Billing Details'!$J$2,'Billing Details'!B:B,'Billing Details'!C94) -> #DIV/0! | F94: ₹2000 | G94: 5 | H94: North | I94: =F94*G94 -> 10000 | O94: 114 | P94: 43890 | Q94: 43896 | R94: Cigna | S94: TRUE | T94: 5506.4
A95: PID0094 | B95: Delivery and Postnatal Care | D95: North | E95: =SUMIFS('Billing Details'!T:T,'Billing Details'!D:D,'Billing Details'!$J$2,'Billing Details'!B:B,'Billing Details'!C95) * 100/ SUMIFS(I:I,'Billing Details'!D:D,'Billing Details'!$J$2,'Billing Details'!B:B,'Billing Details'!C95) -> #DIV/0! | F95: 12000 | G95: 4 | H95: North | I95: =F95*G95 -> 48000 | O95: 443 | P95: 45136 | Q95: 45141 | R95: Blue Cross | S95: TRUE | T95: 38250.12
A96: PID0095 | B96: Insulin Therapy | D96: East | E96: =SUMIFS('Billing Details'!T:T,'Billing Details'!D:D,'Billing Details'!$J$2,'Billing Details'!B:B,'Billing Details'!C96) * 100/ SUMIFS(I:I,'Billing Details'!D:D,'Billing Details'!$J$2,'Billing Details'!B:B,'Billing Details'!C96) -> #DIV/0! | F96: ₹2000 | G96: 5 | H96: East | I96: =F96*G96 -> 10000 | O96: 144 | P96: 44827 | Q96: 44829 | R96: Aetna | S96: TRUE | T96: 7114.05
A97: PID0096 | B97: CT Scan and Medication | D97: West | E97: =SUMIFS('Billing Details'!T:T,'Billing Details'!D:D,'Billing Details'!$J$2,'Billing Details'!B:B,'Billing Details'!C97) * 100/ SUMIFS(I:I,'Billing Details'!D:D,'Billing Details'!$J$2,'Billing Details'!B:B,'Billing Details'!C97) -> #DIV/0! | F97: ₹10000 | G97: 2 | H97: West | I97: =F97*G97 -> 20000 | O97: 412 | P97: 45082 | Q97: 45087 | R97: Medicare | S97: TRUE | T97: 14220.48
A98: PID0097 | B98: Epinephrine Injection | D98: South | E98: =SUMIFS('Billing Details'!T:T,'Billing Details'!D:D,'Billing Details'!$J$2,'Billing Details'!B:B,'Billing Details'!C98) * 100/ SUMIFS(I:I,'Billing Details'!D:D,'Billing Details'!$J$2,'Billing Details'!B:B,'Billing Details'!C98) -> #DIV/0! | F98: 100 | G98: 2 | H98: South | I98: =F98*G98 -> 200 | O98: 420 | P98: 44677 | Q98: 44683 | R98: Cigna | S98: TRUE | T98: 116.84
A99: PID0098 | B99: Cast and Physical Therapy | D99: South | E99: =SUMIFS('Billing Details'!T:T,'Billing Details'!D:D,'Billing Details'!$J$2,'Billing Details'!B:B,'Billing Details'!C99) * 100/ SUMIFS(I:I,'Billing Details'!D:D,'Billing Details'!$J$2,'Billing Details'!B:B,'Billing Details'!C99) -> #DIV/0! | F99: ₹3000 | G99: 7 | H99: South | I99: =F99*G99 -> 21000 | O99: 311 | P99: 45164 | Q99: 45167 | R99: Cigna | S99: TRUE | T99: 17306.52
A100: PID0099 | B100: Lithotripsy | D100: North | E100: =SUMIFS('Billing Details'!T:T,'Billing Details'!D:D,'Billing Details'!$J$2,'Billing Details'!B:B,'Billing Details'!C100) * 100/ SUMIFS(I:I,'Billing Details'!D:D,'Billing Details'!$J$2,'Billing Details'!B:B,'Billing Details'!C100) -> #DIV/0! | F100: ₹6000 | G100: 3 | H100: North | I100: =F100*G100 -> 18000 | O100: 175 | P100: 45025 | Q100: 45029 | R100: Medicare | S100: TRUE | T100: 14155.89
...

Sheet demo-report
C6: Average of INCOME | D6: Column Labels
C7: Row Labels | D7: East | E7: North | F7: South | G7: West | H7: Grand Total
C8: 20-29 | D8: 7.8 | E8: 9.9166667 | F8: 11.6 | G8: 23.166667 | H8: 12.859375
C9: 30-39 | D9: 25.518519 | E9: 17.578125 | F9: 37.782609 | G9: 33.119403 | H9: 30.036
C10: 40-49 | D10: 19.923077 | E10: 9.4933333 | F10: 25.617391 | G10: 20.946667 | H10: 19.756579
C11: 50-59 | D11: 18.967742 | E11: 24.633929 | F11: 17.845238 | G11: 47.35 | H11: 25.405213
C12: 60-69 | D12: 16.826087 | E12: 21.594595 | F12: 37.525 | G12: 35.452381 | H12: 29.408451
C13: 70-79 | D13: 57.142857 | E13: 10.571429 | F13: 37.909091 | G13: 18.461538 | H13: 29.763158
C14: 80-89 | E14: 4.8333333 | F14: 30 | G14: 19.8 | H14: 18.5
C15: Grand Total | D15: 21.818182 | E15: 16.788306 | F15: 28.063889 | G15: 30.850806 | H15: 25.098684

Sheet education - report
C6: Row Labels | D6: Count of Patient Id
C7: Public | D7: 0.0016611296
C8: None | D8: 0.13289037
C9: Private | D9: 0.42358804
C10: Startup | D10: 0.44186047
C11: (blank) | D11: 0
C12: Grand Total | D12: 1

Sheet combined
A1: Patient Id | B1: region | C1: age grp | D1: total bill | E1: bmi | F1: diabites | G1: CONDITION | H1: smoking | I1: drinking | J1: INSURANCE NAME | K1: RISK | L1: COMPANY | M1: AGE | N1: INCOME | O1: {=VLOOKUP(A1:A1001,'Patient Education'!A1:B1001,2,)} -> Education Level
A2: PID0001 | B2: {=VLOOKUP(A2:A1001,'Patient Demographics'!A:K,10,)} -> Tamil Nadu | C2: {=VLOOKUP(A2:A1001,'Patient Demographics'!A:G,7,)} -> senior | D2: {=VLOOKUP(A2:A1001,'Billing Details'!A:I,9,)} -> 60000 | E2: {=VLOOKUP(A2:A1001,'Patient Health Records'!A2:F1001,6,)} -> 29.195011 | F2: {=VLOOKUP(A2:A1001,'Patient Health Records'!A2:R1001,18,)} -> TRUE | G2: {=VLOOKUP(A2:A1001,'Patient Health Records'!A2:S1001,19,)} -> Fractured Leg | H2: {=VLOOKUP(A2:A1001,'Patient Health Records'!A2:N1001,14,)} -> FALSE | I2: {=VLOOKUP(A2:A1001,'Patient Health Records'!A2:P1001,16,)} -> TRUE | J2: Blue Cross | K2: {=VLOOKUP(A2:A1001,'Patient Demographics'!A2:L1001,11,)} -> South | L2: {=VLOOKUP(A2:A1001,'Patient Education'!A2:D1001,4,)} -> Startup | M2: =VLOOKUP(combined!A:A,'Patient Demographics'!A:F,6,) -> 53 | N2: {=VLOOKUP(A2:A1001,'Patient Demographics'!A2:I1001,8,)} -> 0 | O2: Master's Degree
A3: PID0002 | B3: Maharashtra | C3: Super Adults | D3: 500 | E3: 28.047091 | F3: TRUE | G3: Prostate Cancer | H3: FALSE | I3: TRUE | J3: No Insurance | K3: West | L3: Startup | M3: =VLOOKUP(combined!A:A,'Patient Demographics'!A:F,6,) -> 73 | N3: 0 | O3: Bachelor's Degree
A4: PID0003 | B4: Punjab | C4: Young Adults | D4: 18000 | E4: 24.013841 | F4: FALSE | G4: Stroke | H4: FALSE | I4: FALSE | J4: Blue Cross | K4: North | L4: public | M4: =VLOOKUP(combined!A:A,'Patient Demographics'!A:F,6,) -> 33 | N4: 0 | O4: School
A5: PID0004 | B5: Karnataka | C5: Young Adults | D5: 48000 | E5: 31.266412 | F5: TRUE | G5: Heart Attack | H5: TRUE | I5: FALSE | J5: Aetna | K5: South | L5: Public | M5: =VLOOKUP(combined!A:A,'Patient Demographics'!A:F,6,) -> 33 | N5: 0 | O5: School
A6: PID0005 | B6: Uttar Pradesh | C6: Senior Adullt | D6: 21000 | E6: 26.773658 | F6: FALSE | G6: Appendicitis | H6: FALSE | I6: FALSE | J6: Cigna | K6: North | L6: Startup | M6: =VLOOKUP(combined!A:A,'Patient Demographics'!A:F,6,) -> 38 | N6: 0 | O6: Post-graduate
A7: PID0006 | B7: Karnataka | C7: #N/A | D7: 18000 | E7: 31.076311 | F7: TRUE | G7: Fractured Arm | H7: FALSE | I7: TRUE | J7: Cigna | K7: South | L7: Private | M7: =VLOOKUP(combined!A:A,'Patient Demographics'!A:F,6,) -> 88 | N7: 0 | O7: PhD
A8: PID0007 | B8: Maharashtra | C8: Senior Adullt | D8: 3000 | E8: 30.92888 | F8: TRUE | G8: Childbirth | H8: FALSE | I8: TRUE | J8: Aetna | K8: West | L8: None | M8: =VLOOKUP(combined!A:A,'Patient Demographics'!A:F,6,) -> 38 | N8: 0 | O8: Uneducated
A9: PID0008 | B9: Kerala | C9: Young Adults | D9: 20000 | E9: 29.165541 | F9: TRUE | G9: Hypertension | H9: TRUE | I9: FALSE | J9: Aetna | K9: South | L9: None | M9: =VLOOKUP(combined!A:A,'Patient Demographics'!A:F,6,) -> 32 | N9: 0 | O9: Uneducated
A10: PID0009 | B10: Karnataka | C10: senior | D10: 72000 | E10: 29.280733 | F10: TRUE | G10: Respiratory Infection | H10: TRUE | I10: TRUE | J10: Aetna | K10: South | L10: Public | M10: =VLOOKUP(combined!A:A,'Patient Demographics'!A:F,6,) -> 48 | N10: 0 | O10: School
A11: PID0010 | B11: West Bengal | C11: Young Adults | D11: 250000 | E11: 33.480387 | F11: TRUE | G11: Heart Attack | H11: TRUE | I11: FALSE | J11: No Insurance | K11: East | L11: Startup | M11: =VLOOKUP(combined!A:A,'Patient Demographics'!A:F,6,) -> 32 | N11: 0 | O11: Master's Degree
A12: PID0011 | B12: Karnataka | C12: senior | D12: 16000 | E12: 30.083545 | F12: TRUE | G12: Appendicitis | H12: FALSE | I12: TRUE | J12: Aetna | K12: South | L12: Public | M12: =VLOOKUP(combined!A:A,'Patient Demographics'!A:F,6,) -> 62 | N12: 0 | O12: Master's Degree
A13: PID0012 | B13: Tamil Nadu | C13: senior | D13: 45000 | E13: 31.130098 | F13: TRUE | G13: Osteoarthritis | H13: TRUE | I13: FALSE | J13: Blue Cross | K13: South | L13: Public | M13: =VLOOKUP(combined!A:A,'Patient Demographics'!A:F,6,) -> 62 | N13: 0 | O13: Bachelor's Degree
A14: PID0013 | B14: Kerala | C14: senior | D14: 18000 | E14: 33.713166 | F14: TRUE | G14: Kidney Stones | H14: TRUE | I14: TRUE | J14: No Insurance | K14: South | L14: Startup | M14: =VLOOKUP(combined!A:A,'Patient Demographics'!A:F,6,) -> 53 | N14: 0 | O14: Bachelor's Degree
A15: PID0014 | B15: Kerala | C15: Senior Adullt | D15: 14000 | E15: 26.77747 | F15: FALSE | G15: Hypertension | H15: FALSE | I15: FALSE | J15: Medicare | K15: South | L15: Private | M15: =VLOOKUP(combined!A:A,'Patient Demographics'!A:F,6,) -> 45 | N15: 0 | O15: Bachelor's Degree
A16: PID0015 | B16: Uttar Pradesh | C16: senior | D16: 60000 | E16: 24.382328 | F16: FALSE | G16: Stroke | H16: FALSE | I16: FALSE | J16: Cigna | K16: North | L16: Public | M16: =VLOOKUP(combined!A:A,'Patient Demographics'!A:F,6,) -> 62 | N16: 0 | O16: School
A17: PID0016 | B17: Gujarat | C17: Young Adults | D17: 240000 | E17: 33.645546 | F17: TRUE | G17: Heart Disease | H17: TRUE | I17: FALSE | J17: No Insurance | K17: West | L17: Startup | M17: =VLOOKUP(combined!A:A,'Patient Demographics'!A:F,6,) -> 32 | N17: 0 | O17: Bachelor's Degree
A18: PID0017 | B18: Kerala | C18: Senior Adullt | D18: 1000 | E18: 21.728997 | F18: FALSE | G18: Osteoarthritis | H18: FALSE | I18: FALSE | J18: No Insurance | K18: South | L18: Public | M18: =VLOOKUP(combined!A:A,'Patient Demographics'!A:F,6,) -> 42 | N18: 0 | O18: Master's Degree
A19: PID0018 | B19: Karnataka | C19: senior | D19: 40000 | E19: 33.525763 | F19: TRUE | G19: Childbirth | H19: TRUE | I19: FALSE | J19: Cigna | K19: South | L19: Startup | M19: =VLOOKUP(combined!A:A,'Patient Demographics'!A:F,6,) -> 58 | N19: 0 | O19: Master's Degree
... A67: PID0066 | B67: Maharashtra | C67: Senior Adullt | D67: 18000 | E67: 24.0955 | F67: FALSE | G67: Osteoarthritis | H67: FALSE | I67: FALSE | J67: Cigna | K67: West | L67: Private | M67: =VLOOKUP(combined!A:A,'Patient Demographics'!A:F,6,) -> 38 | N67: 0 | O67: Master's Degree
A68: PID0067 | B68: Punjab | C68: #N/A | D68: 200000 | E68: 30.666667 | F68: TRUE | G68: Childbirth | H68: TRUE | I68: FALSE | J68: No Insurance | K68: North | L68: Public | M68: =VLOOKUP(combined!A:A,'Patient Demographics'!A:F,6,) -> 88 | N68: 0 | O68: Post-graduate
A69: PID0068 | B69: Karnataka | C69: senior | D69: 20000 | E69: 23.773677 | F69: FALSE | G69: Allergic Reaction | H69: FALSE | I69: FALSE | J69: Aetna | K69: South | L69: Startup | M69: =VLOOKUP(combined!A:A,'Patient Demographics'!A:F,6,) -> 58 | N69: 0 | O69: Master's Degree
A70: PID0069 | B70: Maharashtra | C70: senior | D70: 250000 | E70: 31.565454 | F70: TRUE | G70: Cancer | H70: FALSE | I70: TRUE | J70: Aetna | K70: West | L70: Public | M70: =VLOOKUP(combined!A:A,'Patient Demographics'!A:F,6,) -> 62 | N70: 0 | O70: School
A71: PID0070 | B71: Uttar Pradesh | C71: Young Adults | D71: 240000 | E71: 32.910927 | F71: TRUE | G71: Childbirth | H71: FALSE | I71: TRUE | J71: Medicare | K71: North | L71: Public | M71: =VLOOKUP(combined!A:A,'Patient Demographics'!A:F,6,) -> 33 | N71: 0 | O71: Bachelor's Degree
A72: PID0071 | B72: Kerala | C72: senior | D72: 100 | E72: 29.161993 | F72: TRUE | G72: Childbirth | H72: TRUE | I72: FALSE | J72: Cigna | K72: South | L72: Private | M72: =VLOOKUP(combined!A:A,'Patient Demographics'!A:F,6,) -> 62 | N72: 0 | O72: Bachelor's Degree
A73: PID0072 | B73: Maharashtra | C73: Young Adults | D73: 18000 | E73: 22.582709 | F73: FALSE | G73: Hypertension | H73: FALSE | I73: FALSE | J73: Medicare | K73: West | L73: Startup | M73: =VLOOKUP(combined!A:A,'Patient Demographics'!A:F,6,) -> 32 | N73: 0 | O73: Master's Degree
A74: PID0073 | B74: Gujarat | C74: Young Adults | D74: 60000 | E74: 33.345585 | F74: TRUE | G74: Stroke | H74: TRUE | I74: TRUE | J74: Blue Cross | K74: West | L74: Startup | M74: =VLOOKUP(combined!A:A,'Patient Demographics'!A:F,6,) -> 28 | N74: 0 | O74: Bachelor's Degree
A75: PID0074 | B75: Tamil Nadu | C75: senior | D75: 100 | E75: 28.082609 | F75: TRUE | G75: Osteoarthritis | H75: TRUE | I75: FALSE | J75: Cigna | K75: South | L75: None | M75: =VLOOKUP(combined!A:A,'Patient Demographics'!A:F,6,) -> 58 | N75: 0 | O75: High School
A76: PID0075 | B76: Tamil Nadu | C76: senior | D76: 48000 | E76: 26.056094 | F76: FALSE | G76: Kidney Stones | H76: FALSE | I76: FALSE | J76: No Insurance | K76: South | L76: None | M76: =VLOOKUP(combined!A:A,'Patient Demographics'!A:F,6,) -> 58 | N76: 0 | O76: High School
A77: PID0076 | B77: West Bengal | C77: senior | D77: 300000 | E77: 26.213843 | F77: FALSE | G77: Allergic Reaction | H77: FALSE | I77: FALSE | J77: Blue Cross | K77: East | L77: Startup | M77: =VLOOKUP(combined!A:A,'Patient Demographics'!A:F,6,) -> 48 | N77: 0 | O77: Master's Degree
A78: PID0077 | B78: Tamil Nadu | C78: Senior Adullt | D78: 300000 | E78: 31.008328 | F78: TRUE | G78: Respiratory Infection | H78: TRUE | I78: FALSE | J78: Cigna | K78: South | L78: Public | M78: =VLOOKUP(combined!A:A,'Patient Demographics'!A:F,6,) -> 38 | N78: 0 | O78: PhD
A79: PID0078 | B79: Uttar Pradesh | C79: Senior Adullt | D79: 100 | E79: 30.35608 | F79: TRUE | G79: Osteoarthritis | H79: TRUE | I79: FALSE | J79: No Insurance | K79: North | L79: Startup | M79: =VLOOKUP(combined!A:A,'Patient Demographics'!A:F,6,) -> 38 | N79: 0 | O79: Bachelor's Degree
A80: PID0079 | B80: Punjab | C80: Young Adults | D80: 18000 | E80: 29.238778 | F80: TRUE | G80: Heart Attack | H80: TRUE | I80: TRUE | J80: UnitedHealthcare | K80: North | L80: Private | M80: =VLOOKUP(combined!A:A,'Patient Demographics'!A:F,6,) -> 33 | N80: 0 | O80: Post-graduate
... A591: PID0590 | B591: West Bengal | C591: senior | D591: 3000 | E591: 26.462046 | F591: FALSE | G591: Cancer | H591: FALSE | I591: FALSE | J591: Blue Cross | K591: East | L591: Startup | M591: =VLOOKUP(combined!A:A,'Patient Demographics'!A:F,6,) -> 62 | N591: 0 | O591: Bachelor's Degree
A592: PID0591 | B592: Uttar Pradesh | C592: #N/A | D592: 40000 | E592: 26.748615 | F592: FALSE | G592: Hypertension | H592: FALSE | I592: FALSE | J592: Aetna | K592: North | L592: Startup | M592: =VLOOKUP(combined!A:A,'Patient Demographics'!A:F,6,) -> 88 | N592: 0 | O592: Master's Degree
A593: PID0592 | B593: Kerala | C593: Senior Adullt | D593: 800 | E593: 32.419218 | F593: TRUE | G593: Stroke | H593: FALSE | I593: TRUE | J593: Cigna | K593: South | L593: Public | M593: =VLOOKUP(combined!A:A,'Patient Demographics'!A:F,6,) -> 38 | N593: 0 | O593: PhD
A594: PID0593 | B594: Gujarat | C594: senior | D594: 40000 | E594: 28.826177 | F594: TRUE | G594: Respiratory Infection | H594: TRUE | I594: TRUE | J594: UnitedHealthcare | K594: West | L594: Public | M594: =VLOOKUP(combined!A:A,'Patient Demographics'!A:F,6,) -> 53 | N594: 0 | O594: Master's Degree
A595: PID0594 | B595: Kerala | C595: Senior Adullt | D595: 100 | E595: 20.930612 | F595: FALSE | G595: Cancer | H595: FALSE | I595: FALSE | J595: No Insurance | K595: South | L595: Public | M595: =VLOOKUP(combined!A:A,'Patient Demographics'!A:F,6,) -> 38 | N595: 0 | O595: Master's Degree
A596: PID0595 | B596: Karnataka | C596: Young Adults | D596: 800 | E596: 33.828125 | F596: TRUE | G596: Childbirth | H596: FALSE | I596: TRUE | J596: Blue Cross | K596: South | L596: Startup | M596: =VLOOKUP(combined!A:A,'Patient Demographics'!A:F,6,) -> 32 | N596: 0 | O596: Master's Degree
A597: PID0596 | B597: Punjab | C597: Senior Adullt | D597: 100 | E597: 33.070004 | F597: TRUE | G597: Respiratory Infection | H597: TRUE | I597: FALSE | J597: No Insurance | K597: North | L597: Public | M597: =VLOOKUP(combined!A:A,'Patient Demographics'!A:F,6,) -> 41 | N597: 0 | O597: PhD
A598: PID0597 | B598: Gujarat | C598: senior | D598: 45000 | E598: 31.816893 | F598: TRUE | G598: Osteoarthritis | H598: TRUE | I598: FALSE | J598: Cigna | K598: West | L598: Public | M598: =VLOOKUP(combined!A:A,'Patient Demographics'!A:F,6,) -> 48 | N598: 0 | O598: Master's Degree
A599: PID0598 | B599: Punjab | C599: Young Adults | D599: 240000 | E599: 33.398437 | F599: TRUE | G599: Hypertension | H599: TRUE | I599: FALSE | J599: Medicare | K599: North | L599: Startup | M599: =VLOOKUP(combined!A:A,'Patient Demographics'!A:F,6,) -> 32 | N599: 0 | O599: Master's Degree
A600: PID0599 | B600: Gujarat | C600: senior | D600: 21000 | E600: 23.460738 | F600: FALSE | G600: Osteoarthritis | H600: FALSE | I600: FALSE | J600: UnitedHealthcare | K600: West | L600: Private | M600: =VLOOKUP(combined!A:A,'Patient Demographics'!A:F,6,) -> 48 | N600: 0 | O600: Bachelor's Degree
A601: PID0600 | B601: Maharashtra | C601: senior | D601: 18000 | E601: 31.64557 | F601: TRUE | G601: Heart Disease | H601: TRUE | I601: FALSE | J601: Medicare | K601: West | L601: None | M601: =VLOOKUP(combined!A:A,'Patient Demographics'!A:F,6,) -> 62 | N601: 0 | O601: High School
A602: PID0601 | B602: Punjab | C602: Young Adults | D602: 4000 | E602: 34.861584 | F602: TRUE | G602: Childbirth | H602: FALSE | I602: TRUE | J602: Cigna | K602: North | L602: Public | M602: =VLOOKUP(combined!A:A,'Patient Demographics'!A:F,6,) -> 33 | N602: 0 | O602: PhD
A603: PID0602 | B603: Punjab | C603: senior | D603: 100 | E603: 21.462834 | F603: FALSE | G603: Appendicitis | H603: FALSE | I603: FALSE | J603: UnitedHealthcare | K603: North | L603: Private | M603: =VLOOKUP(combined!A:A,'Patient Demographics'!A:F,6,) -> 53 | N603: 0 | O603: PhD
A604: PID0603 | B604: Karnataka | C604: Young Adults | D604: 800 | E604: 31.651553 | F604: TRUE | G604: Heart Attack | H604: TRUE | I604: TRUE | J604: No Insurance | K604: South | L604: Public | M604: =VLOOKUP(combined!A:A,'Patient Demographics'!A:F,6,) -> 34 | N604: 0 | O604: Master's Degree
... A856: PID0855 | B856: Karnataka | C856: Young Adults | D856: 18000 | E856: 31.248794 | F856: TRUE | G856: Heart Disease | H856: TRUE | I856: FALSE | J856: Aetna | K856: South | L856: Public | M856: =VLOOKUP(combined!A:A,'Patient Demographics'!A:F,6,) -> 33 | N856: 0 | O856: School
A857: PID0856 | B857: Uttar Pradesh | C857: #N/A | D857: 2000 | E857: 22.507433 | F857: FALSE | G857: Kidney Stones | H857: FALSE | I857: FALSE | J857: No Insurance | K857: North | L857: Public | M857: =VLOOKUP(combined!A:A,'Patient Demographics'!A:F,6,) -> 88 | N857: 0 | O857: Bachelor's Degree
